year,week,date,region_n,avg_value
2013,21,2013-05-20,CENTRAL REGION,83.20328466977637
2013,22,2013-05-27,CENTRAL REGION,83.20328466977637
2013,23,2013-06-03,CENTRAL REGION,83.20328466977637
2013,24,2013-06-10,CENTRAL REGION,83.20328466977637
2013,25,2013-06-17,CENTRAL REGION,83.20328466977637
2013,26,2013-06-24,CENTRAL REGION,83.20328466977637
2013,27,2013-07-01,CENTRAL REGION,83.20328466977637
2013,28,2013-07-08,CENTRAL REGION,83.20328466977637
2013,29,2013-07-15,CENTRAL REGION,83.20328466977637
2013,30,2013-07-22,CENTRAL REGION,83.20328466977637
2013,31,2013-07-29,CENTRAL REGION,83.20328466977637
2013,32,2013-08-05,CENTRAL REGION,83.20328466977637
2013,33,2013-08-12,CENTRAL REGION,83.20328466977637
2013,34,2013-08-19,CENTRAL REGION,83.20328466977637
2013,35,2013-08-26,CENTRAL REGION,83.20328466977637
2013,36,2013-09-02,CENTRAL REGION,83.20328466977637
2013,37,2013-09-09,CENTRAL REGION,83.20328466977637
2013,38,2013-09-16,CENTRAL REGION,83.20328466977637
2013,39,2013-09-23,CENTRAL REGION,83.20328466977637
2013,40,2013-09-30,CENTRAL REGION,83.20328466977637
2013,41,2013-10-07,CENTRAL REGION,83.20328466977637
2013,42,2013-10-14,CENTRAL REGION,83.20328466977637
2013,43,2013-10-21,CENTRAL REGION,83.20328466977637
2013,44,2013-10-28,CENTRAL REGION,83.20328466977637
2013,45,2013-11-04,CENTRAL REGION,83.20328466977637
2013,46,2013-11-11,CENTRAL REGION,83.20328466977637
2013,47,2013-11-18,CENTRAL REGION,83.20328466977637
2013,48,2013-11-25,CENTRAL REGION,83.20328466977637
2013,49,2013-12-02,CENTRAL REGION,83.20328466977637
2013,50,2013-12-09,CENTRAL REGION,83.20328466977637
2013,51,2013-12-16,CENTRAL REGION,83.20328466977637
2013,52,2013-12-23,CENTRAL REGION,83.20328466977637
2013,1,2012-12-31,CENTRAL REGION,83.20328466977637
2014,1,2013-12-30,CENTRAL REGION,83.20328466977637
2014,2,2014-01-06,CENTRAL REGION,83.20328466977637
2014,3,2014-01-13,CENTRAL REGION,83.20328466977637
2014,4,2014-01-20,CENTRAL REGION,83.20328466977637
2014,5,2014-01-27,CENTRAL REGION,83.20328466977637
2014,6,2014-02-03,CENTRAL REGION,83.20328466977637
2014,7,2014-02-10,CENTRAL REGION,83.20328466977637
2014,8,2014-02-17,CENTRAL REGION,83.20328466977637
2014,9,2014-02-24,CENTRAL REGION,83.20328466977637
2014,10,2014-03-03,CENTRAL REGION,83.20328466977637
2014,11,2014-03-10,CENTRAL REGION,83.20328466977637
2014,12,2014-03-17,CENTRAL REGION,83.20328466977637
2014,13,2014-03-24,CENTRAL REGION,83.20328466977637
2014,14,2014-03-31,CENTRAL REGION,83.20328466977637
2014,15,2014-04-07,CENTRAL REGION,83.20328466977637
2014,16,2014-04-14,CENTRAL REGION,83.20328466977637
2014,17,2014-04-21,CENTRAL REGION,83.20328466977637
2014,18,2014-04-28,CENTRAL REGION,83.20328466977637
2014,19,2014-05-05,CENTRAL REGION,83.20328466977637
2014,20,2014-05-12,CENTRAL REGION,83.20328466977637
2014,21,2014-05-19,CENTRAL REGION,83.20328466977637
2014,22,2014-05-26,CENTRAL REGION,83.20328466977637
2014,23,2014-06-02,CENTRAL REGION,83.20328466977637
2014,24,2014-06-09,CENTRAL REGION,83.20328466977637
2014,25,2014-06-16,CENTRAL REGION,83.20328466977637
2014,26,2014-06-23,CENTRAL REGION,83.20328466977637
2014,27,2014-06-30,CENTRAL REGION,83.20328466977637
2014,28,2014-07-07,CENTRAL REGION,83.20328466977637
2014,29,2014-07-14,CENTRAL REGION,83.20328466977637
2014,30,2014-07-21,CENTRAL REGION,83.20328466977637
2014,31,2014-07-28,CENTRAL REGION,83.20328466977637
2014,32,2014-08-04,CENTRAL REGION,83.20328466977637
2014,33,2014-08-11,CENTRAL REGION,83.20328466977637
2014,34,2014-08-18,CENTRAL REGION,83.20328466977637
2014,35,2014-08-25,CENTRAL REGION,83.20328466977637
2014,36,2014-09-01,CENTRAL REGION,83.20328466977637
2014,37,2014-09-08,CENTRAL REGION,83.20328466977637
2014,38,2014-09-15,CENTRAL REGION,83.20328466977637
2014,39,2014-09-22,CENTRAL REGION,83.20328466977637
2014,40,2014-09-29,CENTRAL REGION,83.20328466977637
2014,41,2014-10-06,CENTRAL REGION,83.20328466977637
2014,42,2014-10-13,CENTRAL REGION,83.20328466977637
2014,43,2014-10-20,CENTRAL REGION,83.20328466977637
2014,44,2014-10-27,CENTRAL REGION,83.20328466977637
2014,45,2014-11-03,CENTRAL REGION,83.20328466977637
2014,46,2014-11-10,CENTRAL REGION,83.20328466977637
2014,47,2014-11-17,CENTRAL REGION,83.20328466977637
2014,48,2014-11-24,CENTRAL REGION,83.20328466977637
2014,49,2014-12-01,CENTRAL REGION,83.20328466977637
2014,50,2014-12-08,CENTRAL REGION,83.20328466977637
2014,51,2014-12-15,CENTRAL REGION,83.20328466977637
2014,52,2014-12-22,CENTRAL REGION,83.20328466977637
2015,1,2014-12-29,CENTRAL REGION,83.20328466977637
2015,2,2015-01-05,CENTRAL REGION,83.20328466977637
2015,3,2015-01-12,CENTRAL REGION,83.20328466977637
2015,4,2015-01-19,CENTRAL REGION,83.20328466977637
2015,5,2015-01-26,CENTRAL REGION,83.20328466977637
2015,6,2015-02-02,CENTRAL REGION,83.20328466977637
2015,7,2015-02-09,CENTRAL REGION,83.20328466977637
2015,8,2015-02-16,CENTRAL REGION,83.20328466977637
2015,9,2015-02-23,CENTRAL REGION,83.20328466977637
2015,10,2015-03-02,CENTRAL REGION,83.20328466977637
2015,11,2015-03-09,CENTRAL REGION,83.20328466977637
2015,12,2015-03-16,CENTRAL REGION,83.20328466977637
2015,13,2015-03-23,CENTRAL REGION,83.20328466977637
2015,14,2015-03-30,CENTRAL REGION,83.20328466977637
2015,15,2015-04-06,CENTRAL REGION,83.20328466977637
2015,16,2015-04-13,CENTRAL REGION,83.20328466977637
2015,17,2015-04-20,CENTRAL REGION,83.20328466977637
2015,18,2015-04-27,CENTRAL REGION,83.20328466977637
2015,19,2015-05-04,CENTRAL REGION,83.20328466977637
2015,20,2015-05-11,CENTRAL REGION,83.20328466977637
2015,21,2015-05-18,CENTRAL REGION,83.20328466977637
2015,22,2015-05-25,CENTRAL REGION,83.20328466977637
2015,23,2015-06-01,CENTRAL REGION,83.20328466977637
2015,24,2015-06-08,CENTRAL REGION,83.20328466977637
2015,25,2015-06-15,CENTRAL REGION,83.20328466977637
2015,26,2015-06-22,CENTRAL REGION,83.20328466977637
2015,27,2015-06-29,CENTRAL REGION,83.20328466977637
2015,28,2015-07-06,CENTRAL REGION,83.20328466977637
2015,29,2015-07-13,CENTRAL REGION,83.20328466977637
2015,30,2015-07-20,CENTRAL REGION,83.20328466977637
2015,31,2015-07-27,CENTRAL REGION,83.20328466977637
2015,32,2015-08-03,CENTRAL REGION,83.20328466977637
2015,33,2015-08-10,CENTRAL REGION,83.20328466977637
2015,34,2015-08-17,CENTRAL REGION,83.20328466977637
2015,35,2015-08-24,CENTRAL REGION,83.20328466977637
2015,36,2015-08-31,CENTRAL REGION,83.20328466977637
2015,37,2015-09-07,CENTRAL REGION,83.20328466977637
2015,38,2015-09-14,CENTRAL REGION,83.20328466977637
2015,39,2015-09-21,CENTRAL REGION,83.20328466977637
2015,40,2015-09-28,CENTRAL REGION,83.20328466977637
2015,41,2015-10-05,CENTRAL REGION,83.20328466977637
2015,42,2015-10-12,CENTRAL REGION,83.20328466977637
2015,43,2015-10-19,CENTRAL REGION,83.20328466977637
2015,44,2015-10-26,CENTRAL REGION,83.20328466977637
2015,45,2015-11-02,CENTRAL REGION,83.20328466977637
2015,46,2015-11-09,CENTRAL REGION,83.20328466977637
2015,47,2015-11-16,CENTRAL REGION,83.20328466977637
2015,48,2015-11-23,CENTRAL REGION,83.20328466977637
2015,49,2015-11-30,CENTRAL REGION,83.20328466977637
2015,50,2015-12-07,CENTRAL REGION,83.20328466977637
2015,51,2015-12-14,CENTRAL REGION,83.20328466977637
2015,52,2015-12-21,CENTRAL REGION,83.20328466977637
2015,53,2015-12-28,CENTRAL REGION,83.20328466977637
2016,53,2017-01-02,CENTRAL REGION,83.20328466977637
2016,1,2016-01-04,CENTRAL REGION,73.91454545454545
2016,2,2016-01-11,CENTRAL REGION,73.91454545454545
2016,3,2016-01-18,CENTRAL REGION,73.91454545454545
2016,4,2016-01-25,CENTRAL REGION,73.91454545454545
2016,5,2016-02-01,CENTRAL REGION,73.91454545454545
2016,6,2016-02-08,CENTRAL REGION,73.91454545454545
2016,7,2016-02-15,CENTRAL REGION,73.91454545454545
2016,8,2016-02-22,CENTRAL REGION,73.91454545454545
2016,9,2016-02-29,CENTRAL REGION,73.91454545454545
2016,10,2016-03-07,CENTRAL REGION,73.91454545454545
2016,11,2016-03-14,CENTRAL REGION,73.91454545454545
2016,12,2016-03-21,CENTRAL REGION,73.91454545454545
2016,13,2016-03-28,CENTRAL REGION,73.91454545454545
2016,14,2016-04-04,CENTRAL REGION,73.91454545454545
2016,15,2016-04-11,CENTRAL REGION,73.91454545454545
2016,16,2016-04-18,CENTRAL REGION,73.91454545454545
2016,17,2016-04-25,CENTRAL REGION,73.91454545454545
2016,18,2016-05-02,CENTRAL REGION,73.91454545454545
2016,19,2016-05-09,CENTRAL REGION,73.91454545454545
2016,20,2016-05-16,CENTRAL REGION,73.91454545454545
2016,21,2016-05-23,CENTRAL REGION,75.6785142467677
2016,22,2016-05-30,CENTRAL REGION,78.79184344204907
2016,23,2016-06-06,CENTRAL REGION,79.6765726133564
2016,24,2016-06-13,CENTRAL REGION,79.79864957041039
2016,25,2016-06-20,CENTRAL REGION,77.44986687973862
2016,26,2016-06-27,CENTRAL REGION,73.07541911455547
2016,27,2016-07-04,CENTRAL REGION,73.65564013529938
2016,28,2016-07-11,CENTRAL REGION,81.44396335448675
2016,29,2016-07-18,CENTRAL REGION,83.57167478934468
2016,30,2016-07-25,CENTRAL REGION,78.88024721130544
2016,31,2016-08-01,CENTRAL REGION,75.45286495717582
2016,32,2016-08-08,CENTRAL REGION,74.67869320739489
2016,33,2016-08-15,CENTRAL REGION,77.01003354988673
2016,34,2016-08-22,CENTRAL REGION,73.61159493084543
2016,35,2016-08-29,CENTRAL REGION,78.67100659381711
2016,36,2016-09-05,CENTRAL REGION,79.55670310147396
2016,37,2016-09-12,CENTRAL REGION,77.61976886744564
2016,38,2016-09-19,CENTRAL REGION,73.52015369899492
2016,39,2016-09-26,CENTRAL REGION,68.9873733816352
2016,40,2016-10-03,CENTRAL REGION,77.6649609557563
2016,41,2016-10-10,CENTRAL REGION,69.98808144178868
2016,42,2016-10-17,CENTRAL REGION,82.05402692553494
2016,43,2016-10-24,CENTRAL REGION,82.05402692553494
2016,44,2016-10-31,CENTRAL REGION,82.05402692553494
2016,45,2016-11-07,CENTRAL REGION,82.05402692553494
2016,46,2016-11-14,CENTRAL REGION,82.05402692553494
2016,47,2016-11-21,CENTRAL REGION,83.4383961259707
2016,48,2016-11-28,CENTRAL REGION,82.28045503453119
2016,49,2016-12-05,CENTRAL REGION,81.00191001902908
2016,50,2016-12-12,CENTRAL REGION,78.3594261031321
2016,51,2016-12-19,CENTRAL REGION,82.72496072974332
2016,52,2016-12-26,CENTRAL REGION,82.49719495004103
2017,52,2017-12-25,CENTRAL REGION,84.39746575435154
2017,1,2017-01-02,CENTRAL REGION,77.87306670650155
2017,2,2017-01-09,CENTRAL REGION,75.675638333583
2017,3,2017-01-16,CENTRAL REGION,78.88176908449152
2017,4,2017-01-23,CENTRAL REGION,82.7223693766776
2017,5,2017-01-30,CENTRAL REGION,78.10880065230516
2017,6,2017-02-06,CENTRAL REGION,73.89405412265702
2017,7,2017-02-13,CENTRAL REGION,75.4145278966384
2017,8,2017-02-20,CENTRAL REGION,82.13653278860758
2017,9,2017-02-27,CENTRAL REGION,84.58695050419283
2017,10,2017-03-06,CENTRAL REGION,77.79173764798567
2017,11,2017-03-13,CENTRAL REGION,78.37216176399022
2017,12,2017-03-20,CENTRAL REGION,79.21199662364606
2017,13,2017-03-27,CENTRAL REGION,84.66524916679093
2017,14,2017-04-03,CENTRAL REGION,79.37966899429665
2017,15,2017-04-10,CENTRAL REGION,84.6476586495181
2017,16,2017-04-17,CENTRAL REGION,83.89755122750242
2017,17,2017-04-24,CENTRAL REGION,84.79191908966136
2017,18,2017-05-01,CENTRAL REGION,81.73899559287207
2017,19,2017-05-08,CENTRAL REGION,83.929600164396
2017,20,2017-05-15,CENTRAL REGION,82.32327197477983
2017,21,2017-05-22,CENTRAL REGION,87.31254531380465
2017,22,2017-05-29,CENTRAL REGION,81.63092974065611
2017,23,2017-06-05,CENTRAL REGION,80.45047699885602
2017,24,2017-06-12,CENTRAL REGION,80.61073272462346
2017,25,2017-06-19,CENTRAL REGION,80.18129305650729
2017,26,2017-06-26,CENTRAL REGION,82.55331379741723
2017,27,2017-07-03,CENTRAL REGION,81.12777532625655
2017,28,2017-07-10,CENTRAL REGION,82.836107985139
2017,29,2017-07-17,CENTRAL REGION,77.58194011068319
2017,30,2017-07-24,CENTRAL REGION,78.21103965770229
2017,31,2017-07-31,CENTRAL REGION,75.27849642718058
2017,32,2017-08-07,CENTRAL REGION,83.10089860953556
2017,33,2017-08-14,CENTRAL REGION,80.87117564247212
2017,34,2017-08-21,CENTRAL REGION,79.71950525605777
2017,35,2017-08-28,CENTRAL REGION,75.95781224997542
2017,36,2017-09-04,CENTRAL REGION,79.0931478943553
2017,37,2017-09-11,CENTRAL REGION,77.59762058657381
2017,38,2017-09-18,CENTRAL REGION,78.02068729177934
2017,39,2017-09-25,CENTRAL REGION,79.2031804214244
2017,40,2017-10-02,CENTRAL REGION,81.14668072562013
2017,41,2017-10-09,CENTRAL REGION,76.67670086747232
2017,42,2017-10-16,CENTRAL REGION,70.26492852657906
2017,43,2017-10-23,CENTRAL REGION,75.89929719070791
2017,44,2017-10-30,CENTRAL REGION,82.5686975082362
2017,45,2017-11-06,CENTRAL REGION,86.97817957544652
2017,46,2017-11-13,CENTRAL REGION,83.96728247411112
2017,47,2017-11-20,CENTRAL REGION,86.6586145377653
2017,48,2017-11-27,CENTRAL REGION,79.99558719026311
2017,49,2017-12-04,CENTRAL REGION,80.1576778968548
2017,50,2017-12-11,CENTRAL REGION,81.97404219297049
2017,51,2017-12-18,CENTRAL REGION,76.40870820238852
2018,1,2018-01-01,CENTRAL REGION,87.43187267611269
2018,2,2018-01-08,CENTRAL REGION,90.2369845729275
2018,3,2018-01-15,CENTRAL REGION,81.04059021102988
2018,4,2018-01-22,CENTRAL REGION,83.36927711894293
2018,5,2018-01-29,CENTRAL REGION,79.98507855842686
2018,6,2018-02-05,CENTRAL REGION,68.7446998152582
2018,7,2018-02-12,CENTRAL REGION,75.18028476830163
2018,8,2018-02-19,CENTRAL REGION,77.77240980433005
2018,9,2018-02-26,CENTRAL REGION,80.36084730505948
2018,10,2018-03-05,CENTRAL REGION,79.05500727224506
2018,11,2018-03-12,CENTRAL REGION,76.00545718180724
2018,12,2018-03-19,CENTRAL REGION,75.94499854097249
2018,13,2018-03-26,CENTRAL REGION,82.00545510766406
2018,14,2018-04-02,CENTRAL REGION,76.38834032945662
2018,15,2018-04-09,CENTRAL REGION,76.72156130932989
2018,16,2018-04-16,CENTRAL REGION,82.30357763949674
2018,17,2018-04-23,CENTRAL REGION,79.21890276340629
2018,18,2018-04-30,CENTRAL REGION,81.46059121353117
2018,19,2018-05-07,CENTRAL REGION,76.03249286464509
2018,20,2018-05-14,CENTRAL REGION,83.08459702098801
2018,21,2018-05-21,CENTRAL REGION,81.55347585649737
2018,22,2018-05-28,CENTRAL REGION,82.76483029774623
2018,23,2018-06-04,CENTRAL REGION,79.01905437153279
2018,24,2018-06-11,CENTRAL REGION,79.7610364562956
2018,25,2018-06-18,CENTRAL REGION,83.77004690852584
2018,26,2018-06-25,CENTRAL REGION,83.93226048323805
2018,27,2018-07-02,CENTRAL REGION,80.177063928192
2018,28,2018-07-09,CENTRAL REGION,82.23933230926049
2018,29,2018-07-16,CENTRAL REGION,80.07968134511445
2018,30,2018-07-23,CENTRAL REGION,76.896979814233
2018,31,2018-07-30,CENTRAL REGION,81.37314132928438
2018,32,2018-08-06,CENTRAL REGION,79.16856463539808
2018,33,2018-08-13,CENTRAL REGION,76.19461797544524
2018,34,2018-08-20,CENTRAL REGION,77.51335071479699
2018,35,2018-08-27,CENTRAL REGION,78.35336814493104
2018,36,2018-09-03,CENTRAL REGION,82.18190619786171
2018,37,2018-09-10,CENTRAL REGION,75.88882787208786
2018,38,2018-09-17,CENTRAL REGION,79.03518075962187
2018,39,2018-09-24,CENTRAL REGION,76.93528080988263
2018,40,2018-10-01,CENTRAL REGION,76.27447560301742
2018,41,2018-10-08,CENTRAL REGION,86.85099106912867
2018,42,2018-10-15,CENTRAL REGION,77.80977738178905
2018,43,2018-10-22,CENTRAL REGION,79.05360985383115
2018,44,2018-10-29,CENTRAL REGION,83.44568432777626
2018,45,2018-11-05,CENTRAL REGION,82.78421791198343
2018,46,2018-11-12,CENTRAL REGION,83.42896876015911
2018,47,2018-11-19,CENTRAL REGION,81.20241167648359
2018,48,2018-11-26,CENTRAL REGION,83.16282833717317
2018,49,2018-12-03,CENTRAL REGION,85.03363973245425
2018,50,2018-12-10,CENTRAL REGION,85.28191335059657
2018,51,2018-12-17,CENTRAL REGION,78.95963691547163
2018,52,2018-12-24,CENTRAL REGION,75.03711176528415
2019,1,2018-12-31,CENTRAL REGION,74.42162642877587
2019,2,2019-01-07,CENTRAL REGION,75.7732983786698
2019,3,2019-01-14,CENTRAL REGION,77.69932036827778
2019,4,2019-01-21,CENTRAL REGION,73.52742405395176
2019,5,2019-01-28,CENTRAL REGION,74.70597490338324
2019,6,2019-02-04,CENTRAL REGION,75.61269677329834
2019,7,2019-02-11,CENTRAL REGION,70.21186096419025
2019,8,2019-02-18,CENTRAL REGION,74.9491111916641
2019,9,2019-02-25,CENTRAL REGION,72.49648691153402
2019,10,2019-03-04,CENTRAL REGION,73.32509585002283
2019,11,2019-03-11,CENTRAL REGION,70.55552803131562
2019,12,2019-03-18,CENTRAL REGION,70.85066544166764
2019,13,2019-03-25,CENTRAL REGION,75.22834052694067
2019,14,2019-04-01,CENTRAL REGION,75.50379445974468
2019,15,2019-04-08,CENTRAL REGION,76.55346833726355
2019,16,2019-04-15,CENTRAL REGION,74.24089875562731
2019,17,2019-04-22,CENTRAL REGION,83.09953381960304
2019,18,2019-04-29,CENTRAL REGION,79.15720540432208
2019,19,2019-05-06,CENTRAL REGION,76.40449869655643
2019,20,2019-05-13,CENTRAL REGION,80.09175750684571
2019,21,2019-05-20,CENTRAL REGION,77.72841975204126
2019,22,2019-05-27,CENTRAL REGION,79.62471167604063
2019,23,2019-06-03,CENTRAL REGION,84.59820731208062
2019,24,2019-06-10,CENTRAL REGION,81.21851592464189
2019,25,2019-06-17,CENTRAL REGION,83.73127409183816
2019,26,2019-06-24,CENTRAL REGION,78.72406309883456
2019,27,2019-07-01,CENTRAL REGION,77.49614592738963
2019,28,2019-07-08,CENTRAL REGION,76.34267046436788
2019,29,2019-07-15,CENTRAL REGION,72.29383863951642
2019,30,2019-07-22,CENTRAL REGION,72.51525696464385
2019,31,2019-07-29,CENTRAL REGION,71.2166192597085
2019,32,2019-08-05,CENTRAL REGION,75.08551608572044
2019,33,2019-08-12,CENTRAL REGION,74.11891824286478
2019,34,2019-08-19,CENTRAL REGION,72.85839375359178
2019,35,2019-08-26,CENTRAL REGION,76.56538148790946
2019,36,2019-09-02,CENTRAL REGION,74.28121161938707
2019,37,2019-09-09,CENTRAL REGION,75.25254231857467
2019,38,2019-09-16,CENTRAL REGION,73.0354226551803
2019,39,2019-09-23,CENTRAL REGION,77.38878354917482
2019,40,2019-09-30,CENTRAL REGION,77.24957868723803
2019,41,2019-10-07,CENTRAL REGION,76.87488474927652
2019,42,2019-10-14,CENTRAL REGION,75.64461653359085
2019,43,2019-10-21,CENTRAL REGION,80.73024243306753
2019,44,2019-10-28,CENTRAL REGION,74.65831769600383
2019,45,2019-11-04,CENTRAL REGION,78.43623469552486
2019,46,2019-11-11,CENTRAL REGION,74.37583137182328
2019,47,2019-11-18,CENTRAL REGION,82.54388138578427
2019,48,2019-11-25,CENTRAL REGION,81.53532798152587
2019,49,2019-12-02,CENTRAL REGION,76.29914193293074
2019,50,2019-12-09,CENTRAL REGION,88.73164239475207
2019,51,2019-12-16,CENTRAL REGION,85.64214224299963
2019,52,2019-12-23,CENTRAL REGION,77.51960401950086
2020,1,2019-12-30,CENTRAL REGION,76.30141834654366
2020,2,2020-01-06,CENTRAL REGION,78.78109432002682
2020,3,2020-01-13,CENTRAL REGION,77.00383239380564
2020,4,2020-01-20,CENTRAL REGION,76.64376273461261
2020,5,2020-01-27,CENTRAL REGION,78.17132385258658
2020,6,2020-02-03,CENTRAL REGION,72.03587165255577
2020,7,2020-02-10,CENTRAL REGION,79.89675125238759
2020,8,2020-02-17,CENTRAL REGION,75.31659897506044
2020,9,2020-02-24,CENTRAL REGION,73.32356751341841
2020,10,2020-03-02,CENTRAL REGION,78.19019348517209
2020,11,2020-03-09,CENTRAL REGION,76.01960573892896
2020,12,2020-03-16,CENTRAL REGION,74.70284604739153
2020,13,2020-03-23,CENTRAL REGION,78.66169152964626
2020,14,2020-03-30,CENTRAL REGION,75.65058468863565
2020,15,2020-04-06,CENTRAL REGION,77.86177825273029
2020,16,2020-04-13,CENTRAL REGION,74.54833253922992
2020,17,2020-04-20,CENTRAL REGION,81.14564628683287
2020,18,2020-04-27,CENTRAL REGION,83.11578494001395
2020,19,2020-05-04,CENTRAL REGION,81.58756356684255
2020,20,2020-05-11,CENTRAL REGION,81.127188508501
2020,21,2020-05-18,CENTRAL REGION,81.01976996972813
2020,22,2020-05-25,CENTRAL REGION,80.87269130293078
2020,23,2020-06-01,CENTRAL REGION,81.28649907875652
2020,24,2020-06-08,CENTRAL REGION,83.07591270172232
2020,25,2020-06-15,CENTRAL REGION,85.78957351843988
2020,26,2020-06-22,CENTRAL REGION,83.65861135702782
2020,27,2020-06-29,CENTRAL REGION,79.08731915557154
2020,28,2020-07-06,CENTRAL REGION,82.00015211815905
2020,29,2020-07-13,CENTRAL REGION,81.9944519851996
2020,30,2020-07-20,CENTRAL REGION,81.9446217483212
2020,31,2020-07-27,CENTRAL REGION,82.48758474627192
2020,32,2020-08-03,CENTRAL REGION,79.05777652019344
2020,33,2020-08-10,CENTRAL REGION,79.70920624664771
2020,34,2020-08-17,CENTRAL REGION,82.5672314280452
2020,35,2020-08-24,CENTRAL REGION,80.08854935880827
2020,36,2020-08-31,CENTRAL REGION,84.44477079497169
2020,37,2020-09-07,CENTRAL REGION,83.34067958432531
2020,38,2020-09-14,CENTRAL REGION,80.719422896308
2020,39,2020-09-21,CENTRAL REGION,81.8121128438054
2020,40,2020-09-28,CENTRAL REGION,81.744720034761
2020,41,2020-10-05,CENTRAL REGION,80.34835947477214
2020,42,2020-10-12,CENTRAL REGION,76.54808350538248
2020,43,2020-10-19,CENTRAL REGION,79.21859636181681
2020,44,2020-10-26,CENTRAL REGION,81.79872083961668
2020,45,2020-11-02,CENTRAL REGION,84.49482295934051
2013,21,2013-05-20,EAST REGION,76.88568941504178
2013,22,2013-05-27,EAST REGION,76.88568941504178
2013,23,2013-06-03,EAST REGION,76.88568941504178
2013,24,2013-06-10,EAST REGION,76.88568941504178
2013,25,2013-06-17,EAST REGION,76.88568941504178
2013,26,2013-06-24,EAST REGION,76.88568941504178
2013,27,2013-07-01,EAST REGION,76.88568941504178
2013,28,2013-07-08,EAST REGION,76.88568941504178
2013,29,2013-07-15,EAST REGION,76.88568941504178
2013,30,2013-07-22,EAST REGION,76.88568941504178
2013,31,2013-07-29,EAST REGION,76.88568941504178
2013,32,2013-08-05,EAST REGION,76.88568941504178
2013,33,2013-08-12,EAST REGION,76.88568941504178
2013,34,2013-08-19,EAST REGION,76.88568941504178
2013,35,2013-08-26,EAST REGION,76.88568941504178
2013,36,2013-09-02,EAST REGION,76.88568941504178
2013,37,2013-09-09,EAST REGION,76.88568941504178
2013,38,2013-09-16,EAST REGION,76.88568941504178
2013,39,2013-09-23,EAST REGION,76.88568941504178
2013,40,2013-09-30,EAST REGION,76.88568941504178
2013,41,2013-10-07,EAST REGION,76.88568941504178
2013,42,2013-10-14,EAST REGION,76.88568941504178
2013,43,2013-10-21,EAST REGION,76.88568941504178
2013,44,2013-10-28,EAST REGION,76.88568941504178
2013,45,2013-11-04,EAST REGION,76.88568941504178
2013,46,2013-11-11,EAST REGION,76.88568941504178
2013,47,2013-11-18,EAST REGION,76.88568941504178
2013,48,2013-11-25,EAST REGION,76.88568941504178
2013,49,2013-12-02,EAST REGION,76.88568941504178
2013,50,2013-12-09,EAST REGION,76.88568941504178
2013,51,2013-12-16,EAST REGION,76.88568941504178
2013,52,2013-12-23,EAST REGION,76.88568941504178
2013,1,2012-12-31,EAST REGION,76.88568941504178
2014,1,2013-12-30,EAST REGION,76.88568941504178
2014,2,2014-01-06,EAST REGION,76.88568941504178
2014,3,2014-01-13,EAST REGION,76.88568941504178
2014,4,2014-01-20,EAST REGION,76.88568941504178
2014,5,2014-01-27,EAST REGION,76.88568941504178
2014,6,2014-02-03,EAST REGION,76.88568941504178
2014,7,2014-02-10,EAST REGION,76.88568941504178
2014,8,2014-02-17,EAST REGION,76.88568941504178
2014,9,2014-02-24,EAST REGION,76.88568941504178
2014,10,2014-03-03,EAST REGION,76.88568941504178
2014,11,2014-03-10,EAST REGION,76.88568941504178
2014,12,2014-03-17,EAST REGION,76.88568941504178
2014,13,2014-03-24,EAST REGION,76.88568941504178
2014,14,2014-03-31,EAST REGION,76.88568941504178
2014,15,2014-04-07,EAST REGION,76.88568941504178
2014,16,2014-04-14,EAST REGION,76.88568941504178
2014,17,2014-04-21,EAST REGION,76.88568941504178
2014,18,2014-04-28,EAST REGION,76.88568941504178
2014,19,2014-05-05,EAST REGION,76.88568941504178
2014,20,2014-05-12,EAST REGION,76.88568941504178
2014,21,2014-05-19,EAST REGION,76.88568941504178
2014,22,2014-05-26,EAST REGION,76.88568941504178
2014,23,2014-06-02,EAST REGION,76.88568941504178
2014,24,2014-06-09,EAST REGION,76.88568941504178
2014,25,2014-06-16,EAST REGION,76.88568941504178
2014,26,2014-06-23,EAST REGION,76.88568941504178
2014,27,2014-06-30,EAST REGION,76.88568941504178
2014,28,2014-07-07,EAST REGION,76.88568941504178
2014,29,2014-07-14,EAST REGION,76.88568941504178
2014,30,2014-07-21,EAST REGION,76.88568941504178
2014,31,2014-07-28,EAST REGION,76.88568941504178
2014,32,2014-08-04,EAST REGION,76.88568941504178
2014,33,2014-08-11,EAST REGION,76.88568941504178
2014,34,2014-08-18,EAST REGION,76.88568941504178
2014,35,2014-08-25,EAST REGION,76.88568941504178
2014,36,2014-09-01,EAST REGION,76.88568941504178
2014,37,2014-09-08,EAST REGION,76.88568941504178
2014,38,2014-09-15,EAST REGION,76.88568941504178
2014,39,2014-09-22,EAST REGION,76.88568941504178
2014,40,2014-09-29,EAST REGION,76.88568941504178
2014,41,2014-10-06,EAST REGION,76.88568941504178
2014,42,2014-10-13,EAST REGION,76.88568941504178
2014,43,2014-10-20,EAST REGION,76.88568941504178
2014,44,2014-10-27,EAST REGION,76.88568941504178
2014,45,2014-11-03,EAST REGION,76.88568941504178
2014,46,2014-11-10,EAST REGION,76.88568941504178
2014,47,2014-11-17,EAST REGION,76.88568941504178
2014,48,2014-11-24,EAST REGION,76.88568941504178
2014,49,2014-12-01,EAST REGION,76.88568941504178
2014,50,2014-12-08,EAST REGION,76.88568941504178
2014,51,2014-12-15,EAST REGION,76.88568941504178
2014,52,2014-12-22,EAST REGION,76.88568941504178
2015,1,2014-12-29,EAST REGION,76.88568941504178
2015,2,2015-01-05,EAST REGION,76.88568941504178
2015,3,2015-01-12,EAST REGION,76.88568941504178
2015,4,2015-01-19,EAST REGION,76.88568941504178
2015,5,2015-01-26,EAST REGION,76.88568941504178
2015,6,2015-02-02,EAST REGION,76.88568941504178
2015,7,2015-02-09,EAST REGION,76.88568941504178
2015,8,2015-02-16,EAST REGION,76.88568941504178
2015,9,2015-02-23,EAST REGION,76.88568941504178
2015,10,2015-03-02,EAST REGION,76.88568941504178
2015,11,2015-03-09,EAST REGION,76.88568941504178
2015,12,2015-03-16,EAST REGION,76.88568941504178
2015,13,2015-03-23,EAST REGION,76.88568941504178
2015,14,2015-03-30,EAST REGION,76.88568941504178
2015,15,2015-04-06,EAST REGION,76.88568941504178
2015,16,2015-04-13,EAST REGION,76.88568941504178
2015,17,2015-04-20,EAST REGION,76.88568941504178
2015,18,2015-04-27,EAST REGION,76.88568941504178
2015,19,2015-05-04,EAST REGION,76.88568941504178
2015,20,2015-05-11,EAST REGION,76.88568941504178
2015,21,2015-05-18,EAST REGION,76.88568941504178
2015,22,2015-05-25,EAST REGION,76.88568941504178
2015,23,2015-06-01,EAST REGION,76.88568941504178
2015,24,2015-06-08,EAST REGION,76.88568941504178
2015,25,2015-06-15,EAST REGION,76.88568941504178
2015,26,2015-06-22,EAST REGION,76.88568941504178
2015,27,2015-06-29,EAST REGION,76.88568941504178
2015,28,2015-07-06,EAST REGION,76.88568941504178
2015,29,2015-07-13,EAST REGION,76.88568941504178
2015,30,2015-07-20,EAST REGION,76.88568941504178
2015,31,2015-07-27,EAST REGION,76.88568941504178
2015,32,2015-08-03,EAST REGION,76.88568941504178
2015,33,2015-08-10,EAST REGION,76.88568941504178
2015,34,2015-08-17,EAST REGION,76.88568941504178
2015,35,2015-08-24,EAST REGION,76.88568941504178
2015,36,2015-08-31,EAST REGION,76.88568941504178
2015,37,2015-09-07,EAST REGION,76.88568941504178
2015,38,2015-09-14,EAST REGION,76.88568941504178
2015,39,2015-09-21,EAST REGION,76.88568941504178
2015,40,2015-09-28,EAST REGION,76.88568941504178
2015,41,2015-10-05,EAST REGION,76.88568941504178
2015,42,2015-10-12,EAST REGION,76.88568941504178
2015,43,2015-10-19,EAST REGION,76.88568941504178
2015,44,2015-10-26,EAST REGION,76.88568941504178
2015,45,2015-11-02,EAST REGION,76.88568941504178
2015,46,2015-11-09,EAST REGION,76.88568941504178
2015,47,2015-11-16,EAST REGION,76.88568941504178
2015,48,2015-11-23,EAST REGION,76.88568941504178
2015,49,2015-11-30,EAST REGION,76.88568941504178
2015,50,2015-12-07,EAST REGION,76.88568941504178
2015,51,2015-12-14,EAST REGION,76.88568941504178
2015,52,2015-12-21,EAST REGION,76.88568941504178
2015,53,2015-12-28,EAST REGION,76.88568941504178
2016,53,2017-01-02,EAST REGION,76.88568941504178
2016,1,2016-01-04,EAST REGION,67.83636363636364
2016,2,2016-01-11,EAST REGION,67.83636363636364
2016,3,2016-01-18,EAST REGION,67.83636363636364
2016,4,2016-01-25,EAST REGION,67.83636363636364
2016,5,2016-02-01,EAST REGION,67.83636363636364
2016,6,2016-02-08,EAST REGION,67.83636363636364
2016,7,2016-02-15,EAST REGION,67.83636363636364
2016,8,2016-02-22,EAST REGION,67.83636363636364
2016,9,2016-02-29,EAST REGION,67.83636363636364
2016,10,2016-03-07,EAST REGION,67.83636363636364
2016,11,2016-03-14,EAST REGION,67.83636363636364
2016,12,2016-03-21,EAST REGION,67.83636363636364
2016,13,2016-03-28,EAST REGION,67.83636363636364
2016,14,2016-04-04,EAST REGION,67.83636363636364
2016,15,2016-04-11,EAST REGION,67.83636363636364
2016,16,2016-04-18,EAST REGION,67.83636363636364
2016,17,2016-04-25,EAST REGION,67.83636363636364
2016,18,2016-05-02,EAST REGION,67.83636363636364
2016,19,2016-05-09,EAST REGION,67.83636363636364
2016,20,2016-05-16,EAST REGION,67.83636363636364
2016,21,2016-05-23,EAST REGION,75.43080623830222
2016,22,2016-05-30,EAST REGION,79.8334489234533
2016,23,2016-06-06,EAST REGION,79.76713825789885
2016,24,2016-06-13,EAST REGION,80.6821208371869
2016,25,2016-06-20,EAST REGION,78.87674099032756
2016,26,2016-06-27,EAST REGION,75.99260867081794
2016,27,2016-07-04,EAST REGION,75.56438155355319
2016,28,2016-07-11,EAST REGION,80.77121014716015
2016,29,2016-07-18,EAST REGION,81.80217631089207
2016,30,2016-07-25,EAST REGION,77.0026423540303
2016,31,2016-08-01,EAST REGION,75.67275673827147
2016,32,2016-08-08,EAST REGION,74.38439170545796
2016,33,2016-08-15,EAST REGION,76.3701896763541
2016,34,2016-08-22,EAST REGION,73.92727348522571
2016,35,2016-08-29,EAST REGION,77.46071489181497
2016,36,2016-09-05,EAST REGION,77.98658871076043
2016,37,2016-09-12,EAST REGION,77.00448370236847
2016,38,2016-09-19,EAST REGION,74.60223855663335
2016,39,2016-09-26,EAST REGION,71.79487996234641
2016,40,2016-10-03,EAST REGION,75.68719892519773
2016,41,2016-10-10,EAST REGION,70.02304522056032
2016,42,2016-10-17,EAST REGION,81.1234232278577
2016,43,2016-10-24,EAST REGION,81.1234232278577
2016,44,2016-10-31,EAST REGION,81.1234232278577
2016,45,2016-11-07,EAST REGION,81.1234232278577
2016,46,2016-11-14,EAST REGION,81.1234232278577
2016,47,2016-11-21,EAST REGION,80.31657834137242
2016,48,2016-11-28,EAST REGION,79.0072682281959
2016,49,2016-12-05,EAST REGION,80.82261407415335
2016,50,2016-12-12,EAST REGION,76.17776244549687
2016,51,2016-12-19,EAST REGION,78.80676753657107
2016,52,2016-12-26,EAST REGION,78.64754424626165
2017,52,2017-12-25,EAST REGION,86.89525170470932
2017,1,2017-01-02,EAST REGION,80.53034366761472
2017,2,2017-01-09,EAST REGION,82.7471244328392
2017,3,2017-01-16,EAST REGION,82.18777905708241
2017,4,2017-01-23,EAST REGION,85.11170051040752
2017,5,2017-01-30,EAST REGION,81.86841817397483
2017,6,2017-02-06,EAST REGION,79.6371754829595
2017,7,2017-02-13,EAST REGION,80.8387894712852
2017,8,2017-02-20,EAST REGION,81.60640747089268
2017,9,2017-02-27,EAST REGION,83.73751714478531
2017,10,2017-03-06,EAST REGION,77.53607695540929
2017,11,2017-03-13,EAST REGION,77.66514941425767
2017,12,2017-03-20,EAST REGION,76.50549090648599
2017,13,2017-03-27,EAST REGION,82.96857386458888
2017,14,2017-04-03,EAST REGION,78.26177691715164
2017,15,2017-04-10,EAST REGION,81.20824020345546
2017,16,2017-04-17,EAST REGION,80.5003316012454
2017,17,2017-04-24,EAST REGION,85.49771193099345
2017,18,2017-05-01,EAST REGION,82.34601603564177
2017,19,2017-05-08,EAST REGION,83.12390191042768
2017,20,2017-05-15,EAST REGION,82.71639709689464
2017,21,2017-05-22,EAST REGION,87.31057984901807
2017,22,2017-05-29,EAST REGION,81.1726150023033
2017,23,2017-06-05,EAST REGION,80.3694554443316
2017,24,2017-06-12,EAST REGION,80.45572963715128
2017,25,2017-06-19,EAST REGION,81.64894913342232
2017,26,2017-06-26,EAST REGION,82.06163013611301
2017,27,2017-07-03,EAST REGION,81.7884648337913
2017,28,2017-07-10,EAST REGION,83.65420166059403
2017,29,2017-07-17,EAST REGION,79.32115072298168
2017,30,2017-07-24,EAST REGION,78.83909063212971
2017,31,2017-07-31,EAST REGION,77.40200721718857
2017,32,2017-08-07,EAST REGION,82.73513921273867
2017,33,2017-08-14,EAST REGION,81.9950621731487
2017,34,2017-08-21,EAST REGION,80.9373976895328
2017,35,2017-08-28,EAST REGION,81.21533787722221
2017,36,2017-09-04,EAST REGION,82.9853720983511
2017,37,2017-09-11,EAST REGION,81.5462811159304
2017,38,2017-09-18,EAST REGION,81.97294222344574
2017,39,2017-09-25,EAST REGION,82.30986055418389
2017,40,2017-10-02,EAST REGION,84.84793485694578
2017,41,2017-10-09,EAST REGION,82.09987817181555
2017,42,2017-10-16,EAST REGION,79.14368019130738
2017,43,2017-10-23,EAST REGION,84.78506058205481
2017,44,2017-10-30,EAST REGION,84.7348999533986
2017,45,2017-11-06,EAST REGION,87.54537808194593
2017,46,2017-11-13,EAST REGION,85.96599229032157
2017,47,2017-11-20,EAST REGION,86.90062040927253
2017,48,2017-11-27,EAST REGION,83.03240705751628
2017,49,2017-12-04,EAST REGION,85.29189028623786
2017,50,2017-12-11,EAST REGION,84.96882531292025
2017,51,2017-12-18,EAST REGION,79.47480272306733
2018,1,2018-01-01,EAST REGION,89.17985361344356
2018,2,2018-01-08,EAST REGION,89.38045982856306
2018,3,2018-01-15,EAST REGION,83.58182185301096
2018,4,2018-01-22,EAST REGION,86.0236278261887
2018,5,2018-01-29,EAST REGION,83.2023057384698
2018,6,2018-02-05,EAST REGION,74.0289428456842
2018,7,2018-02-12,EAST REGION,79.9311308296001
2018,8,2018-02-19,EAST REGION,79.08626706766074
2018,9,2018-02-26,EAST REGION,80.194545775463
2018,10,2018-03-05,EAST REGION,80.99754675439372
2018,11,2018-03-12,EAST REGION,77.69657472476482
2018,12,2018-03-19,EAST REGION,76.90378981093617
2018,13,2018-03-26,EAST REGION,83.02581542551465
2018,14,2018-04-02,EAST REGION,76.83754363269027
2018,15,2018-04-09,EAST REGION,78.96937715885171
2018,16,2018-04-16,EAST REGION,81.65274101690117
2018,17,2018-04-23,EAST REGION,81.87919868109434
2018,18,2018-04-30,EAST REGION,81.4553912338143
2018,19,2018-05-07,EAST REGION,76.10129962461316
2018,20,2018-05-14,EAST REGION,82.20131982977794
2018,21,2018-05-21,EAST REGION,81.9834758710083
2018,22,2018-05-28,EAST REGION,83.99754075388176
2018,23,2018-06-04,EAST REGION,78.2131373512088
2018,24,2018-06-11,EAST REGION,79.65401169702118
2018,25,2018-06-18,EAST REGION,83.522834448485
2018,26,2018-06-25,EAST REGION,82.27270192895627
2018,27,2018-07-02,EAST REGION,79.6296775350709
2018,28,2018-07-09,EAST REGION,80.76101301098639
2018,29,2018-07-16,EAST REGION,79.77520403011272
2018,30,2018-07-23,EAST REGION,78.22970851470397
2018,31,2018-07-30,EAST REGION,81.93225674268753
2018,32,2018-08-06,EAST REGION,80.85798528645549
2018,33,2018-08-13,EAST REGION,78.04671207246965
2018,34,2018-08-20,EAST REGION,80.15345112463736
2018,35,2018-08-27,EAST REGION,79.60674389450644
2018,36,2018-09-03,EAST REGION,82.4461136241871
2018,37,2018-09-10,EAST REGION,77.62126212973472
2018,38,2018-09-17,EAST REGION,81.13341300347824
2018,39,2018-09-24,EAST REGION,77.54829960776964
2018,40,2018-10-01,EAST REGION,77.19966114945989
2018,41,2018-10-08,EAST REGION,87.77762661097545
2018,42,2018-10-15,EAST REGION,80.40701065529188
2018,43,2018-10-22,EAST REGION,82.73868900774185
2018,44,2018-10-29,EAST REGION,84.00796536319646
2018,45,2018-11-05,EAST REGION,84.4132179627372
2018,46,2018-11-12,EAST REGION,84.86570654275793
2018,47,2018-11-19,EAST REGION,83.79408648847621
2018,48,2018-11-26,EAST REGION,85.49372059029815
2018,49,2018-12-03,EAST REGION,85.36785594717091
2018,50,2018-12-10,EAST REGION,85.84588147225226
2018,51,2018-12-17,EAST REGION,81.72562355256787
2018,52,2018-12-24,EAST REGION,78.05411605418571
2019,1,2018-12-31,EAST REGION,75.55527362786103
2019,2,2019-01-07,EAST REGION,77.8438469140549
2019,3,2019-01-14,EAST REGION,79.58523447333921
2019,4,2019-01-21,EAST REGION,76.18748276230319
2019,5,2019-01-28,EAST REGION,79.21840471692381
2019,6,2019-02-04,EAST REGION,76.2014480761322
2019,7,2019-02-11,EAST REGION,74.58143204102109
2019,8,2019-02-18,EAST REGION,77.47761650751706
2019,9,2019-02-25,EAST REGION,75.01898723175637
2019,10,2019-03-04,EAST REGION,75.38526867780283
2019,11,2019-03-11,EAST REGION,73.41779122491488
2019,12,2019-03-18,EAST REGION,73.6346584588804
2019,13,2019-03-25,EAST REGION,78.78333152916748
2019,14,2019-04-01,EAST REGION,77.39927110523774
2019,15,2019-04-08,EAST REGION,79.17537396298944
2019,16,2019-04-15,EAST REGION,78.23033132532694
2019,17,2019-04-22,EAST REGION,82.50920866807117
2019,18,2019-04-29,EAST REGION,81.97326846592226
2019,19,2019-05-06,EAST REGION,81.43179080181991
2019,20,2019-05-13,EAST REGION,85.42522689777475
2019,21,2019-05-20,EAST REGION,81.37885763273913
2019,22,2019-05-27,EAST REGION,79.73921600224166
2019,23,2019-06-03,EAST REGION,84.57075123591576
2019,24,2019-06-10,EAST REGION,80.57392988111677
2019,25,2019-06-17,EAST REGION,82.51598912720912
2019,26,2019-06-24,EAST REGION,79.32372179328841
2019,27,2019-07-01,EAST REGION,77.63934388721341
2019,28,2019-07-08,EAST REGION,78.2307578863974
2019,29,2019-07-15,EAST REGION,76.05883075063612
2019,30,2019-07-22,EAST REGION,78.31639199369064
2019,31,2019-07-29,EAST REGION,77.99007151238678
2019,32,2019-08-05,EAST REGION,83.21997541814328
2019,33,2019-08-12,EAST REGION,78.93948469808431
2019,34,2019-08-19,EAST REGION,74.48049774130065
2019,35,2019-08-26,EAST REGION,77.96088529641938
2019,36,2019-09-02,EAST REGION,75.87955847792425
2019,37,2019-09-09,EAST REGION,76.30349170910279
2019,38,2019-09-16,EAST REGION,74.63392670531847
2019,39,2019-09-23,EAST REGION,79.28176392270383
2019,40,2019-09-30,EAST REGION,79.29808957194734
2019,41,2019-10-07,EAST REGION,79.59754965567923
2019,42,2019-10-14,EAST REGION,77.70699077391787
2019,43,2019-10-21,EAST REGION,81.24173155419768
2019,44,2019-10-28,EAST REGION,77.58006269264558
2019,45,2019-11-04,EAST REGION,80.06532112786056
2019,46,2019-11-11,EAST REGION,76.97494580821326
2019,47,2019-11-18,EAST REGION,83.13295912267827
2019,48,2019-11-25,EAST REGION,83.57952372067548
2019,49,2019-12-02,EAST REGION,79.0529504511636
2019,50,2019-12-09,EAST REGION,91.50504293271278
2019,51,2019-12-16,EAST REGION,87.4932962901693
2019,52,2019-12-23,EAST REGION,79.63502750209342
2020,1,2019-12-30,EAST REGION,78.69892985322265
2020,2,2020-01-06,EAST REGION,81.21121242354415
2020,3,2020-01-13,EAST REGION,77.7184250978726
2020,4,2020-01-20,EAST REGION,78.54497570913303
2020,5,2020-01-27,EAST REGION,79.2070089048151
2020,6,2020-02-03,EAST REGION,74.74427803088284
2020,7,2020-02-10,EAST REGION,81.23972898541724
2020,8,2020-02-17,EAST REGION,77.86365993443526
2020,9,2020-02-24,EAST REGION,76.33145211902931
2020,10,2020-03-02,EAST REGION,78.83160450861752
2020,11,2020-03-09,EAST REGION,78.10024386928261
2020,12,2020-03-16,EAST REGION,75.74812790903627
2020,13,2020-03-23,EAST REGION,78.8963727721837
2020,14,2020-03-30,EAST REGION,76.7677848394269
2020,15,2020-04-06,EAST REGION,79.17105776237108
2020,16,2020-04-13,EAST REGION,74.70932564176522
2020,17,2020-04-20,EAST REGION,79.29375941513499
2020,18,2020-04-27,EAST REGION,83.42383811828287
2020,19,2020-05-04,EAST REGION,80.23550423843643
2020,20,2020-05-11,EAST REGION,80.53407489381543
2020,21,2020-05-18,EAST REGION,81.15589074434388
2020,22,2020-05-25,EAST REGION,80.32280579700272
2020,23,2020-06-01,EAST REGION,80.8504696166217
2020,24,2020-06-08,EAST REGION,81.18685398987968
2020,25,2020-06-15,EAST REGION,84.6912701072523
2020,26,2020-06-22,EAST REGION,81.8668532240373
2020,27,2020-06-29,EAST REGION,78.6356109084704
2020,28,2020-07-06,EAST REGION,80.28675382531844
2020,29,2020-07-13,EAST REGION,81.0216760989978
2020,30,2020-07-20,EAST REGION,80.02898172834009
2020,31,2020-07-27,EAST REGION,80.22828859425536
2020,32,2020-08-03,EAST REGION,78.64061110100377
2020,33,2020-08-10,EAST REGION,79.74746478881366
2020,34,2020-08-17,EAST REGION,81.19600794202897
2020,35,2020-08-24,EAST REGION,78.94421105056452
2020,36,2020-08-31,EAST REGION,82.64280768809228
2020,37,2020-09-07,EAST REGION,81.97920552051515
2020,38,2020-09-14,EAST REGION,79.50830159089277
2020,39,2020-09-21,EAST REGION,81.52470219433482
2020,40,2020-09-28,EAST REGION,80.44032585030943
2020,41,2020-10-05,EAST REGION,78.19824455478076
2020,42,2020-10-12,EAST REGION,76.57712942197202
2020,43,2020-10-19,EAST REGION,79.00876886648528
2020,44,2020-10-26,EAST REGION,80.98867695967878
2020,45,2020-11-02,EAST REGION,83.7166001335471
2013,21,2013-05-20,NORTH REGION,78.0087168758717
2013,22,2013-05-27,NORTH REGION,78.0087168758717
2013,23,2013-06-03,NORTH REGION,78.0087168758717
2013,24,2013-06-10,NORTH REGION,78.0087168758717
2013,25,2013-06-17,NORTH REGION,78.0087168758717
2013,26,2013-06-24,NORTH REGION,78.0087168758717
2013,27,2013-07-01,NORTH REGION,78.0087168758717
2013,28,2013-07-08,NORTH REGION,78.0087168758717
2013,29,2013-07-15,NORTH REGION,78.0087168758717
2013,30,2013-07-22,NORTH REGION,78.0087168758717
2013,31,2013-07-29,NORTH REGION,78.0087168758717
2013,32,2013-08-05,NORTH REGION,78.0087168758717
2013,33,2013-08-12,NORTH REGION,78.0087168758717
2013,34,2013-08-19,NORTH REGION,78.0087168758717
2013,35,2013-08-26,NORTH REGION,78.0087168758717
2013,36,2013-09-02,NORTH REGION,78.0087168758717
2013,37,2013-09-09,NORTH REGION,78.0087168758717
2013,38,2013-09-16,NORTH REGION,78.0087168758717
2013,39,2013-09-23,NORTH REGION,78.0087168758717
2013,40,2013-09-30,NORTH REGION,78.0087168758717
2013,41,2013-10-07,NORTH REGION,78.0087168758717
2013,42,2013-10-14,NORTH REGION,78.0087168758717
2013,43,2013-10-21,NORTH REGION,78.0087168758717
2013,44,2013-10-28,NORTH REGION,78.0087168758717
2013,45,2013-11-04,NORTH REGION,78.0087168758717
2013,46,2013-11-11,NORTH REGION,78.0087168758717
2013,47,2013-11-18,NORTH REGION,78.0087168758717
2013,48,2013-11-25,NORTH REGION,78.0087168758717
2013,49,2013-12-02,NORTH REGION,78.0087168758717
2013,50,2013-12-09,NORTH REGION,78.0087168758717
2013,51,2013-12-16,NORTH REGION,78.0087168758717
2013,52,2013-12-23,NORTH REGION,78.0087168758717
2013,1,2012-12-31,NORTH REGION,78.0087168758717
2014,1,2013-12-30,NORTH REGION,78.0087168758717
2014,2,2014-01-06,NORTH REGION,78.0087168758717
2014,3,2014-01-13,NORTH REGION,78.0087168758717
2014,4,2014-01-20,NORTH REGION,78.0087168758717
2014,5,2014-01-27,NORTH REGION,78.0087168758717
2014,6,2014-02-03,NORTH REGION,78.0087168758717
2014,7,2014-02-10,NORTH REGION,78.0087168758717
2014,8,2014-02-17,NORTH REGION,78.0087168758717
2014,9,2014-02-24,NORTH REGION,78.0087168758717
2014,10,2014-03-03,NORTH REGION,78.0087168758717
2014,11,2014-03-10,NORTH REGION,78.0087168758717
2014,12,2014-03-17,NORTH REGION,78.0087168758717
2014,13,2014-03-24,NORTH REGION,78.0087168758717
2014,14,2014-03-31,NORTH REGION,78.0087168758717
2014,15,2014-04-07,NORTH REGION,78.0087168758717
2014,16,2014-04-14,NORTH REGION,78.0087168758717
2014,17,2014-04-21,NORTH REGION,78.0087168758717
2014,18,2014-04-28,NORTH REGION,78.0087168758717
2014,19,2014-05-05,NORTH REGION,78.0087168758717
2014,20,2014-05-12,NORTH REGION,78.0087168758717
2014,21,2014-05-19,NORTH REGION,78.0087168758717
2014,22,2014-05-26,NORTH REGION,78.0087168758717
2014,23,2014-06-02,NORTH REGION,78.0087168758717
2014,24,2014-06-09,NORTH REGION,78.0087168758717
2014,25,2014-06-16,NORTH REGION,78.0087168758717
2014,26,2014-06-23,NORTH REGION,78.0087168758717
2014,27,2014-06-30,NORTH REGION,78.0087168758717
2014,28,2014-07-07,NORTH REGION,78.0087168758717
2014,29,2014-07-14,NORTH REGION,78.0087168758717
2014,30,2014-07-21,NORTH REGION,78.0087168758717
2014,31,2014-07-28,NORTH REGION,78.0087168758717
2014,32,2014-08-04,NORTH REGION,78.0087168758717
2014,33,2014-08-11,NORTH REGION,78.0087168758717
2014,34,2014-08-18,NORTH REGION,78.0087168758717
2014,35,2014-08-25,NORTH REGION,78.0087168758717
2014,36,2014-09-01,NORTH REGION,78.0087168758717
2014,37,2014-09-08,NORTH REGION,78.0087168758717
2014,38,2014-09-15,NORTH REGION,78.0087168758717
2014,39,2014-09-22,NORTH REGION,78.0087168758717
2014,40,2014-09-29,NORTH REGION,78.0087168758717
2014,41,2014-10-06,NORTH REGION,78.0087168758717
2014,42,2014-10-13,NORTH REGION,78.0087168758717
2014,43,2014-10-20,NORTH REGION,78.0087168758717
2014,44,2014-10-27,NORTH REGION,78.0087168758717
2014,45,2014-11-03,NORTH REGION,78.0087168758717
2014,46,2014-11-10,NORTH REGION,78.0087168758717
2014,47,2014-11-17,NORTH REGION,78.0087168758717
2014,48,2014-11-24,NORTH REGION,78.0087168758717
2014,49,2014-12-01,NORTH REGION,78.0087168758717
2014,50,2014-12-08,NORTH REGION,78.0087168758717
2014,51,2014-12-15,NORTH REGION,78.0087168758717
2014,52,2014-12-22,NORTH REGION,78.0087168758717
2015,1,2014-12-29,NORTH REGION,78.0087168758717
2015,2,2015-01-05,NORTH REGION,78.0087168758717
2015,3,2015-01-12,NORTH REGION,78.0087168758717
2015,4,2015-01-19,NORTH REGION,78.0087168758717
2015,5,2015-01-26,NORTH REGION,78.0087168758717
2015,6,2015-02-02,NORTH REGION,78.0087168758717
2015,7,2015-02-09,NORTH REGION,78.0087168758717
2015,8,2015-02-16,NORTH REGION,78.0087168758717
2015,9,2015-02-23,NORTH REGION,78.0087168758717
2015,10,2015-03-02,NORTH REGION,78.0087168758717
2015,11,2015-03-09,NORTH REGION,78.0087168758717
2015,12,2015-03-16,NORTH REGION,78.0087168758717
2015,13,2015-03-23,NORTH REGION,78.0087168758717
2015,14,2015-03-30,NORTH REGION,78.0087168758717
2015,15,2015-04-06,NORTH REGION,78.0087168758717
2015,16,2015-04-13,NORTH REGION,78.0087168758717
2015,17,2015-04-20,NORTH REGION,78.0087168758717
2015,18,2015-04-27,NORTH REGION,78.0087168758717
2015,19,2015-05-04,NORTH REGION,78.0087168758717
2015,20,2015-05-11,NORTH REGION,78.0087168758717
2015,21,2015-05-18,NORTH REGION,78.0087168758717
2015,22,2015-05-25,NORTH REGION,78.0087168758717
2015,23,2015-06-01,NORTH REGION,78.0087168758717
2015,24,2015-06-08,NORTH REGION,78.0087168758717
2015,25,2015-06-15,NORTH REGION,78.0087168758717
2015,26,2015-06-22,NORTH REGION,78.0087168758717
2015,27,2015-06-29,NORTH REGION,78.0087168758717
2015,28,2015-07-06,NORTH REGION,78.0087168758717
2015,29,2015-07-13,NORTH REGION,78.0087168758717
2015,30,2015-07-20,NORTH REGION,78.0087168758717
2015,31,2015-07-27,NORTH REGION,78.0087168758717
2015,32,2015-08-03,NORTH REGION,78.0087168758717
2015,33,2015-08-10,NORTH REGION,78.0087168758717
2015,34,2015-08-17,NORTH REGION,78.0087168758717
2015,35,2015-08-24,NORTH REGION,78.0087168758717
2015,36,2015-08-31,NORTH REGION,78.0087168758717
2015,37,2015-09-07,NORTH REGION,78.0087168758717
2015,38,2015-09-14,NORTH REGION,78.0087168758717
2015,39,2015-09-21,NORTH REGION,78.0087168758717
2015,40,2015-09-28,NORTH REGION,78.0087168758717
2015,41,2015-10-05,NORTH REGION,78.0087168758717
2015,42,2015-10-12,NORTH REGION,78.0087168758717
2015,43,2015-10-19,NORTH REGION,78.0087168758717
2015,44,2015-10-26,NORTH REGION,78.0087168758717
2015,45,2015-11-02,NORTH REGION,78.0087168758717
2015,46,2015-11-09,NORTH REGION,78.0087168758717
2015,47,2015-11-16,NORTH REGION,78.0087168758717
2015,48,2015-11-23,NORTH REGION,78.0087168758717
2015,49,2015-11-30,NORTH REGION,78.0087168758717
2015,50,2015-12-07,NORTH REGION,78.0087168758717
2015,51,2015-12-14,NORTH REGION,78.0087168758717
2015,52,2015-12-21,NORTH REGION,78.0087168758717
2015,53,2015-12-28,NORTH REGION,78.0087168758717
2016,53,2017-01-02,NORTH REGION,78.0087168758717
2016,1,2016-01-04,NORTH REGION,61.04242424242424
2016,2,2016-01-11,NORTH REGION,61.04242424242424
2016,3,2016-01-18,NORTH REGION,61.04242424242424
2016,4,2016-01-25,NORTH REGION,61.04242424242424
2016,5,2016-02-01,NORTH REGION,61.04242424242424
2016,6,2016-02-08,NORTH REGION,61.04242424242424
2016,7,2016-02-15,NORTH REGION,61.04242424242424
2016,8,2016-02-22,NORTH REGION,61.04242424242424
2016,9,2016-02-29,NORTH REGION,61.04242424242424
2016,10,2016-03-07,NORTH REGION,61.04242424242424
2016,11,2016-03-14,NORTH REGION,61.04242424242424
2016,12,2016-03-21,NORTH REGION,61.04242424242424
2016,13,2016-03-28,NORTH REGION,61.04242424242424
2016,14,2016-04-04,NORTH REGION,61.04242424242424
2016,15,2016-04-11,NORTH REGION,61.04242424242424
2016,16,2016-04-18,NORTH REGION,61.04242424242424
2016,17,2016-04-25,NORTH REGION,61.04242424242424
2016,18,2016-05-02,NORTH REGION,61.04242424242424
2016,19,2016-05-09,NORTH REGION,61.04242424242424
2016,20,2016-05-16,NORTH REGION,61.04242424242424
2016,21,2016-05-23,NORTH REGION,76.30722880831054
2016,22,2016-05-30,NORTH REGION,81.56402014848793
2016,23,2016-06-06,NORTH REGION,80.28409509611252
2016,24,2016-06-13,NORTH REGION,84.34603974104567
2016,25,2016-06-20,NORTH REGION,79.1619584971084
2016,26,2016-06-27,NORTH REGION,72.2145682697467
2016,27,2016-07-04,NORTH REGION,73.10885189149465
2016,28,2016-07-11,NORTH REGION,81.57114534369204
2016,29,2016-07-18,NORTH REGION,83.73947479793465
2016,30,2016-07-25,NORTH REGION,79.98231131054033
2016,31,2016-08-01,NORTH REGION,75.56421591032378
2016,32,2016-08-08,NORTH REGION,74.48293413643988
2016,33,2016-08-15,NORTH REGION,75.99456828034997
2016,34,2016-08-22,NORTH REGION,73.34991931157704
2016,35,2016-08-29,NORTH REGION,77.02855955885036
2016,36,2016-09-05,NORTH REGION,76.98005833715793
2016,37,2016-09-12,NORTH REGION,77.45309861008434
2016,38,2016-09-19,NORTH REGION,74.87797855888807
2016,39,2016-09-26,NORTH REGION,72.03947707758373
2016,40,2016-10-03,NORTH REGION,77.61155487478655
2016,41,2016-10-10,NORTH REGION,73.4351283641681
2016,42,2016-10-17,NORTH REGION,81.52884324970576
2016,43,2016-10-24,NORTH REGION,81.52884324970576
2016,44,2016-10-31,NORTH REGION,81.52884324970576
2016,45,2016-11-07,NORTH REGION,81.52884324970576
2016,46,2016-11-14,NORTH REGION,81.52884324970576
2016,47,2016-11-21,NORTH REGION,81.51776971958236
2016,48,2016-11-28,NORTH REGION,80.63534586987741
2016,49,2016-12-05,NORTH REGION,78.892869556362
2016,50,2016-12-12,NORTH REGION,77.53063029617923
2016,51,2016-12-19,NORTH REGION,78.47315361674286
2016,52,2016-12-26,NORTH REGION,82.07884712413868
2017,52,2017-12-25,NORTH REGION,81.62316073099645
2017,1,2017-01-02,NORTH REGION,75.5457844736791
2017,2,2017-01-09,NORTH REGION,76.28513933890785
2017,3,2017-01-16,NORTH REGION,80.57651508645412
2017,4,2017-01-23,NORTH REGION,85.10310344380237
2017,5,2017-01-30,NORTH REGION,79.14407224573677
2017,6,2017-02-06,NORTH REGION,78.79805226840823
2017,7,2017-02-13,NORTH REGION,81.47585245779331
2017,8,2017-02-20,NORTH REGION,82.5440314363881
2017,9,2017-02-27,NORTH REGION,87.34750052489933
2017,10,2017-03-06,NORTH REGION,79.77150388931757
2017,11,2017-03-13,NORTH REGION,77.92343549965867
2017,12,2017-03-20,NORTH REGION,78.61465864423197
2017,13,2017-03-27,NORTH REGION,83.42813384591844
2017,14,2017-04-03,NORTH REGION,79.81619865208677
2017,15,2017-04-10,NORTH REGION,82.19893362665503
2017,16,2017-04-17,NORTH REGION,81.25100029759035
2017,17,2017-04-24,NORTH REGION,82.68553556984352
2017,18,2017-05-01,NORTH REGION,81.67427152036811
2017,19,2017-05-08,NORTH REGION,83.06540557392525
2017,20,2017-05-15,NORTH REGION,80.70014009156723
2017,21,2017-05-22,NORTH REGION,84.4600651951566
2017,22,2017-05-29,NORTH REGION,77.99028138091816
2017,23,2017-06-05,NORTH REGION,77.34924966296012
2017,24,2017-06-12,NORTH REGION,78.5075635922409
2017,25,2017-06-19,NORTH REGION,81.14342070174237
2017,26,2017-06-26,NORTH REGION,81.84913216726825
2017,27,2017-07-03,NORTH REGION,80.46928099748519
2017,28,2017-07-10,NORTH REGION,81.77599273047606
2017,29,2017-07-17,NORTH REGION,76.6979198484022
2017,30,2017-07-24,NORTH REGION,73.14429440999288
2017,31,2017-07-31,NORTH REGION,71.7723139036475
2017,32,2017-08-07,NORTH REGION,82.51145818043767
2017,33,2017-08-14,NORTH REGION,79.83845423509045
2017,34,2017-08-21,NORTH REGION,79.7667233439366
2017,35,2017-08-28,NORTH REGION,77.6440348757894
2017,36,2017-09-04,NORTH REGION,80.73400849383931
2017,37,2017-09-11,NORTH REGION,80.72732980235601
2017,38,2017-09-18,NORTH REGION,80.59241622410426
2017,39,2017-09-25,NORTH REGION,82.68734673649763
2017,40,2017-10-02,NORTH REGION,82.98711146744294
2017,41,2017-10-09,NORTH REGION,78.38636865372871
2017,42,2017-10-16,NORTH REGION,71.41755321690601
2017,43,2017-10-23,NORTH REGION,79.9688992175062
2017,44,2017-10-30,NORTH REGION,81.91523768041552
2017,45,2017-11-06,NORTH REGION,85.10360575471081
2017,46,2017-11-13,NORTH REGION,85.16908190056179
2017,47,2017-11-20,NORTH REGION,86.15348296096252
2017,48,2017-11-27,NORTH REGION,78.52828541262673
2017,49,2017-12-04,NORTH REGION,78.6877871088769
2017,50,2017-12-11,NORTH REGION,76.75234542144923
2017,51,2017-12-18,NORTH REGION,76.52392178673881
2018,1,2018-01-01,NORTH REGION,85.391858074351
2018,2,2018-01-08,NORTH REGION,88.16917223144613
2018,3,2018-01-15,NORTH REGION,78.07621927401958
2018,4,2018-01-22,NORTH REGION,79.93632988558132
2018,5,2018-01-29,NORTH REGION,78.23577132305635
2018,6,2018-02-05,NORTH REGION,71.56252490088394
2018,7,2018-02-12,NORTH REGION,73.99131309646947
2018,8,2018-02-19,NORTH REGION,77.10592807691178
2018,9,2018-02-26,NORTH REGION,78.05279090438992
2018,10,2018-03-05,NORTH REGION,80.30536121289866
2018,11,2018-03-12,NORTH REGION,75.87679947081291
2018,12,2018-03-19,NORTH REGION,75.35728961920387
2018,13,2018-03-26,NORTH REGION,80.58889867488203
2018,14,2018-04-02,NORTH REGION,75.98255407113933
2018,15,2018-04-09,NORTH REGION,72.48553093483787
2018,16,2018-04-16,NORTH REGION,81.93878240239286
2018,17,2018-04-23,NORTH REGION,78.73850176461248
2018,18,2018-04-30,NORTH REGION,80.75544398105173
2018,19,2018-05-07,NORTH REGION,74.46369885280154
2018,20,2018-05-14,NORTH REGION,82.35270791878048
2018,21,2018-05-21,NORTH REGION,79.27519675027114
2018,22,2018-05-28,NORTH REGION,81.8732993459311
2018,23,2018-06-04,NORTH REGION,73.80292863808457
2018,24,2018-06-11,NORTH REGION,79.30582158246159
2018,25,2018-06-18,NORTH REGION,83.99181154122725
2018,26,2018-06-25,NORTH REGION,85.20530134086219
2018,27,2018-07-02,NORTH REGION,75.97651656473766
2018,28,2018-07-09,NORTH REGION,77.82137574265903
2018,29,2018-07-16,NORTH REGION,76.44178693193555
2018,30,2018-07-23,NORTH REGION,74.19296692591351
2018,31,2018-07-30,NORTH REGION,79.86363449831404
2018,32,2018-08-06,NORTH REGION,75.84805546169589
2018,33,2018-08-13,NORTH REGION,72.67175103691281
2018,34,2018-08-20,NORTH REGION,76.6152563095152
2018,35,2018-08-27,NORTH REGION,77.38615216509069
2018,36,2018-09-03,NORTH REGION,80.67344648856991
2018,37,2018-09-10,NORTH REGION,73.34192305090954
2018,38,2018-09-17,NORTH REGION,77.19930055928901
2018,39,2018-09-24,NORTH REGION,71.09898054853547
2018,40,2018-10-01,NORTH REGION,72.96755520056082
2018,41,2018-10-08,NORTH REGION,85.03246876562378
2018,42,2018-10-15,NORTH REGION,76.71448204123088
2018,43,2018-10-22,NORTH REGION,80.33630557104073
2018,44,2018-10-29,NORTH REGION,83.13312885423524
2018,45,2018-11-05,NORTH REGION,81.51345791615265
2018,46,2018-11-12,NORTH REGION,81.28053077755733
2018,47,2018-11-19,NORTH REGION,80.0149775327309
2018,48,2018-11-26,NORTH REGION,81.36615977500861
2018,49,2018-12-03,NORTH REGION,81.62948605055846
2018,50,2018-12-10,NORTH REGION,82.96185499559377
2018,51,2018-12-17,NORTH REGION,76.53320182566371
2018,52,2018-12-24,NORTH REGION,74.04381100301245
2019,1,2018-12-31,NORTH REGION,74.95739411554075
2019,2,2019-01-07,NORTH REGION,74.5996107067031
2019,3,2019-01-14,NORTH REGION,76.98303965649106
2019,4,2019-01-21,NORTH REGION,74.61225225961482
2019,5,2019-01-28,NORTH REGION,75.98165540530327
2019,6,2019-02-04,NORTH REGION,72.33782682662311
2019,7,2019-02-11,NORTH REGION,71.76060416497015
2019,8,2019-02-18,NORTH REGION,75.82705296717047
2019,9,2019-02-25,NORTH REGION,71.98893724821366
2019,10,2019-03-04,NORTH REGION,72.16114645798491
2019,11,2019-03-11,NORTH REGION,71.08830002795598
2019,12,2019-03-18,NORTH REGION,69.10010408383417
2019,13,2019-03-25,NORTH REGION,74.47686919890629
2019,14,2019-04-01,NORTH REGION,72.48749828294788
2019,15,2019-04-08,NORTH REGION,76.65320414550688
2019,16,2019-04-15,NORTH REGION,72.3027111067064
2019,17,2019-04-22,NORTH REGION,80.53067204512718
2019,18,2019-04-29,NORTH REGION,78.1418097752004
2019,19,2019-05-06,NORTH REGION,74.99234784723397
2019,20,2019-05-13,NORTH REGION,79.05229979257497
2019,21,2019-05-20,NORTH REGION,75.30700665175117
2019,22,2019-05-27,NORTH REGION,77.9254837127083
2019,23,2019-06-03,NORTH REGION,85.16757051320401
2019,24,2019-06-10,NORTH REGION,77.94840544790088
2019,25,2019-06-17,NORTH REGION,81.74821510817085
2019,26,2019-06-24,NORTH REGION,74.70425987741703
2019,27,2019-07-01,NORTH REGION,76.7596533931788
2019,28,2019-07-08,NORTH REGION,73.34304859927734
2019,29,2019-07-15,NORTH REGION,70.94371895385392
2019,30,2019-07-22,NORTH REGION,69.84947989078869
2019,31,2019-07-29,NORTH REGION,67.96813155473016
2019,32,2019-08-05,NORTH REGION,73.709947259025
2019,33,2019-08-12,NORTH REGION,71.73079635659178
2019,34,2019-08-19,NORTH REGION,69.30184928424804
2019,35,2019-08-26,NORTH REGION,72.67426221048505
2019,36,2019-09-02,NORTH REGION,69.3267336991342
2019,37,2019-09-09,NORTH REGION,70.7147816095915
2019,38,2019-09-16,NORTH REGION,68.11263559102859
2019,39,2019-09-23,NORTH REGION,74.99027103318802
2019,40,2019-09-30,NORTH REGION,75.26081695500413
2019,41,2019-10-07,NORTH REGION,76.84778851407032
2019,42,2019-10-14,NORTH REGION,75.74018865958287
2019,43,2019-10-21,NORTH REGION,79.19096432921839
2019,44,2019-10-28,NORTH REGION,74.71971934298752
2019,45,2019-11-04,NORTH REGION,77.26631066975338
2019,46,2019-11-11,NORTH REGION,75.08196967447238
2019,47,2019-11-18,NORTH REGION,79.57627860741697
2019,48,2019-11-25,NORTH REGION,80.07905957607667
2019,49,2019-12-02,NORTH REGION,75.9995276077242
2019,50,2019-12-09,NORTH REGION,88.19945349357712
2019,51,2019-12-16,NORTH REGION,82.84756953773598
2019,52,2019-12-23,NORTH REGION,75.7135356616288
2020,1,2019-12-30,NORTH REGION,76.2105223731808
2020,2,2020-01-06,NORTH REGION,75.9472634880993
2020,3,2020-01-13,NORTH REGION,73.3343826778538
2020,4,2020-01-20,NORTH REGION,74.46115659508854
2020,5,2020-01-27,NORTH REGION,77.19961535204558
2020,6,2020-02-03,NORTH REGION,72.30208011727386
2020,7,2020-02-10,NORTH REGION,79.1562635869859
2020,8,2020-02-17,NORTH REGION,74.93989004798053
2020,9,2020-02-24,NORTH REGION,72.99286234020302
2020,10,2020-03-02,NORTH REGION,76.16579164653082
2020,11,2020-03-09,NORTH REGION,71.62110135180325
2020,12,2020-03-16,NORTH REGION,73.84318236781534
2020,13,2020-03-23,NORTH REGION,75.251462126139
2020,14,2020-03-30,NORTH REGION,73.32758555108332
2020,15,2020-04-06,NORTH REGION,75.91310615081626
2020,16,2020-04-13,NORTH REGION,69.76720758645953
2020,17,2020-04-20,NORTH REGION,78.57742678658335
2020,18,2020-04-27,NORTH REGION,79.42644122439991
2020,19,2020-05-04,NORTH REGION,76.11675085163013
2020,20,2020-05-11,NORTH REGION,77.5470248618029
2020,21,2020-05-18,NORTH REGION,78.54313870461067
2020,22,2020-05-25,NORTH REGION,77.88751284180437
2020,23,2020-06-01,NORTH REGION,77.26570790131544
2020,24,2020-06-08,NORTH REGION,80.445699161644
2020,25,2020-06-15,NORTH REGION,81.88154197713345
2020,26,2020-06-22,NORTH REGION,80.20222478975232
2020,27,2020-06-29,NORTH REGION,74.88107560799406
2020,28,2020-07-06,NORTH REGION,80.59244633788046
2020,29,2020-07-13,NORTH REGION,67.88211602492672
2020,30,2020-07-20,NORTH REGION,73.47714342042933
2020,31,2020-07-27,NORTH REGION,80.0124076186629
2020,32,2020-08-03,NORTH REGION,62.97284953265076
2020,33,2020-08-10,NORTH REGION,71.07141627510771
2020,34,2020-08-17,NORTH REGION,82.31758908086994
2020,35,2020-08-24,NORTH REGION,73.18419203306632
2020,36,2020-08-31,NORTH REGION,65.84242770620752
2020,37,2020-09-07,NORTH REGION,73.81596301122957
2020,38,2020-09-14,NORTH REGION,71.99086723963076
2020,39,2020-09-21,NORTH REGION,78.6869557377061
2020,40,2020-09-28,NORTH REGION,77.75603611045877
2020,41,2020-10-05,NORTH REGION,76.02528282453605
2020,42,2020-10-12,NORTH REGION,71.38329105734793
2020,43,2020-10-19,NORTH REGION,75.64467170783155
2020,44,2020-10-26,NORTH REGION,77.64411377215798
2020,45,2020-11-02,NORTH REGION,82.77320208682387
2013,21,2013-05-20,NORTH-EAST REGION,81.61597248094392
2013,22,2013-05-27,NORTH-EAST REGION,81.61597248094392
2013,23,2013-06-03,NORTH-EAST REGION,81.61597248094392
2013,24,2013-06-10,NORTH-EAST REGION,81.61597248094392
2013,25,2013-06-17,NORTH-EAST REGION,81.61597248094392
2013,26,2013-06-24,NORTH-EAST REGION,81.61597248094392
2013,27,2013-07-01,NORTH-EAST REGION,81.61597248094392
2013,28,2013-07-08,NORTH-EAST REGION,81.61597248094392
2013,29,2013-07-15,NORTH-EAST REGION,81.61597248094392
2013,30,2013-07-22,NORTH-EAST REGION,81.61597248094392
2013,31,2013-07-29,NORTH-EAST REGION,81.61597248094392
2013,32,2013-08-05,NORTH-EAST REGION,81.61597248094392
2013,33,2013-08-12,NORTH-EAST REGION,81.61597248094392
2013,34,2013-08-19,NORTH-EAST REGION,81.61597248094392
2013,35,2013-08-26,NORTH-EAST REGION,81.61597248094392
2013,36,2013-09-02,NORTH-EAST REGION,81.61597248094392
2013,37,2013-09-09,NORTH-EAST REGION,81.61597248094392
2013,38,2013-09-16,NORTH-EAST REGION,81.61597248094392
2013,39,2013-09-23,NORTH-EAST REGION,81.61597248094392
2013,40,2013-09-30,NORTH-EAST REGION,81.61597248094392
2013,41,2013-10-07,NORTH-EAST REGION,81.61597248094392
2013,42,2013-10-14,NORTH-EAST REGION,81.61597248094392
2013,43,2013-10-21,NORTH-EAST REGION,81.61597248094392
2013,44,2013-10-28,NORTH-EAST REGION,81.61597248094392
2013,45,2013-11-04,NORTH-EAST REGION,81.61597248094392
2013,46,2013-11-11,NORTH-EAST REGION,81.61597248094392
2013,47,2013-11-18,NORTH-EAST REGION,81.61597248094392
2013,48,2013-11-25,NORTH-EAST REGION,81.61597248094392
2013,49,2013-12-02,NORTH-EAST REGION,81.61597248094392
2013,50,2013-12-09,NORTH-EAST REGION,81.61597248094392
2013,51,2013-12-16,NORTH-EAST REGION,81.61597248094392
2013,52,2013-12-23,NORTH-EAST REGION,81.61597248094392
2013,1,2012-12-31,NORTH-EAST REGION,81.61597248094392
2014,1,2013-12-30,NORTH-EAST REGION,81.61597248094392
2014,2,2014-01-06,NORTH-EAST REGION,81.61597248094392
2014,3,2014-01-13,NORTH-EAST REGION,81.61597248094392
2014,4,2014-01-20,NORTH-EAST REGION,81.61597248094392
2014,5,2014-01-27,NORTH-EAST REGION,81.61597248094392
2014,6,2014-02-03,NORTH-EAST REGION,81.61597248094392
2014,7,2014-02-10,NORTH-EAST REGION,81.61597248094392
2014,8,2014-02-17,NORTH-EAST REGION,81.61597248094392
2014,9,2014-02-24,NORTH-EAST REGION,81.61597248094392
2014,10,2014-03-03,NORTH-EAST REGION,81.61597248094392
2014,11,2014-03-10,NORTH-EAST REGION,81.61597248094392
2014,12,2014-03-17,NORTH-EAST REGION,81.61597248094392
2014,13,2014-03-24,NORTH-EAST REGION,81.61597248094392
2014,14,2014-03-31,NORTH-EAST REGION,81.61597248094392
2014,15,2014-04-07,NORTH-EAST REGION,81.61597248094392
2014,16,2014-04-14,NORTH-EAST REGION,81.61597248094392
2014,17,2014-04-21,NORTH-EAST REGION,81.61597248094392
2014,18,2014-04-28,NORTH-EAST REGION,81.61597248094392
2014,19,2014-05-05,NORTH-EAST REGION,81.61597248094392
2014,20,2014-05-12,NORTH-EAST REGION,81.61597248094392
2014,21,2014-05-19,NORTH-EAST REGION,81.61597248094392
2014,22,2014-05-26,NORTH-EAST REGION,81.61597248094392
2014,23,2014-06-02,NORTH-EAST REGION,81.61597248094392
2014,24,2014-06-09,NORTH-EAST REGION,81.61597248094392
2014,25,2014-06-16,NORTH-EAST REGION,81.61597248094392
2014,26,2014-06-23,NORTH-EAST REGION,81.61597248094392
2014,27,2014-06-30,NORTH-EAST REGION,81.61597248094392
2014,28,2014-07-07,NORTH-EAST REGION,81.61597248094392
2014,29,2014-07-14,NORTH-EAST REGION,81.61597248094392
2014,30,2014-07-21,NORTH-EAST REGION,81.61597248094392
2014,31,2014-07-28,NORTH-EAST REGION,81.61597248094392
2014,32,2014-08-04,NORTH-EAST REGION,81.61597248094392
2014,33,2014-08-11,NORTH-EAST REGION,81.61597248094392
2014,34,2014-08-18,NORTH-EAST REGION,81.61597248094392
2014,35,2014-08-25,NORTH-EAST REGION,81.61597248094392
2014,36,2014-09-01,NORTH-EAST REGION,81.61597248094392
2014,37,2014-09-08,NORTH-EAST REGION,81.61597248094392
2014,38,2014-09-15,NORTH-EAST REGION,81.61597248094392
2014,39,2014-09-22,NORTH-EAST REGION,81.61597248094392
2014,40,2014-09-29,NORTH-EAST REGION,81.61597248094392
2014,41,2014-10-06,NORTH-EAST REGION,81.61597248094392
2014,42,2014-10-13,NORTH-EAST REGION,81.61597248094392
2014,43,2014-10-20,NORTH-EAST REGION,81.61597248094392
2014,44,2014-10-27,NORTH-EAST REGION,81.61597248094392
2014,45,2014-11-03,NORTH-EAST REGION,81.61597248094392
2014,46,2014-11-10,NORTH-EAST REGION,81.61597248094392
2014,47,2014-11-17,NORTH-EAST REGION,81.61597248094392
2014,48,2014-11-24,NORTH-EAST REGION,81.61597248094392
2014,49,2014-12-01,NORTH-EAST REGION,81.61597248094392
2014,50,2014-12-08,NORTH-EAST REGION,81.61597248094392
2014,51,2014-12-15,NORTH-EAST REGION,81.61597248094392
2014,52,2014-12-22,NORTH-EAST REGION,81.61597248094392
2015,1,2014-12-29,NORTH-EAST REGION,81.61597248094392
2015,2,2015-01-05,NORTH-EAST REGION,81.61597248094392
2015,3,2015-01-12,NORTH-EAST REGION,81.61597248094392
2015,4,2015-01-19,NORTH-EAST REGION,81.61597248094392
2015,5,2015-01-26,NORTH-EAST REGION,81.61597248094392
2015,6,2015-02-02,NORTH-EAST REGION,81.61597248094392
2015,7,2015-02-09,NORTH-EAST REGION,81.61597248094392
2015,8,2015-02-16,NORTH-EAST REGION,81.61597248094392
2015,9,2015-02-23,NORTH-EAST REGION,81.61597248094392
2015,10,2015-03-02,NORTH-EAST REGION,81.61597248094392
2015,11,2015-03-09,NORTH-EAST REGION,81.61597248094392
2015,12,2015-03-16,NORTH-EAST REGION,81.61597248094392
2015,13,2015-03-23,NORTH-EAST REGION,81.61597248094392
2015,14,2015-03-30,NORTH-EAST REGION,81.61597248094392
2015,15,2015-04-06,NORTH-EAST REGION,81.61597248094392
2015,16,2015-04-13,NORTH-EAST REGION,81.61597248094392
2015,17,2015-04-20,NORTH-EAST REGION,81.61597248094392
2015,18,2015-04-27,NORTH-EAST REGION,81.61597248094392
2015,19,2015-05-04,NORTH-EAST REGION,81.61597248094392
2015,20,2015-05-11,NORTH-EAST REGION,81.61597248094392
2015,21,2015-05-18,NORTH-EAST REGION,81.61597248094392
2015,22,2015-05-25,NORTH-EAST REGION,81.61597248094392
2015,23,2015-06-01,NORTH-EAST REGION,81.61597248094392
2015,24,2015-06-08,NORTH-EAST REGION,81.61597248094392
2015,25,2015-06-15,NORTH-EAST REGION,81.61597248094392
2015,26,2015-06-22,NORTH-EAST REGION,81.61597248094392
2015,27,2015-06-29,NORTH-EAST REGION,81.61597248094392
2015,28,2015-07-06,NORTH-EAST REGION,81.61597248094392
2015,29,2015-07-13,NORTH-EAST REGION,81.61597248094392
2015,30,2015-07-20,NORTH-EAST REGION,81.61597248094392
2015,31,2015-07-27,NORTH-EAST REGION,81.61597248094392
2015,32,2015-08-03,NORTH-EAST REGION,81.61597248094392
2015,33,2015-08-10,NORTH-EAST REGION,81.61597248094392
2015,34,2015-08-17,NORTH-EAST REGION,81.61597248094392
2015,35,2015-08-24,NORTH-EAST REGION,81.61597248094392
2015,36,2015-08-31,NORTH-EAST REGION,81.61597248094392
2015,37,2015-09-07,NORTH-EAST REGION,81.61597248094392
2015,38,2015-09-14,NORTH-EAST REGION,81.61597248094392
2015,39,2015-09-21,NORTH-EAST REGION,81.61597248094392
2015,40,2015-09-28,NORTH-EAST REGION,81.61597248094392
2015,41,2015-10-05,NORTH-EAST REGION,81.61597248094392
2015,42,2015-10-12,NORTH-EAST REGION,81.61597248094392
2015,43,2015-10-19,NORTH-EAST REGION,81.61597248094392
2015,44,2015-10-26,NORTH-EAST REGION,81.61597248094392
2015,45,2015-11-02,NORTH-EAST REGION,81.61597248094392
2015,46,2015-11-09,NORTH-EAST REGION,81.61597248094392
2015,47,2015-11-16,NORTH-EAST REGION,81.61597248094392
2015,48,2015-11-23,NORTH-EAST REGION,81.61597248094392
2015,49,2015-11-30,NORTH-EAST REGION,81.61597248094392
2015,50,2015-12-07,NORTH-EAST REGION,81.61597248094392
2015,51,2015-12-14,NORTH-EAST REGION,81.61597248094392
2015,52,2015-12-21,NORTH-EAST REGION,81.61597248094392
2015,53,2015-12-28,NORTH-EAST REGION,81.61597248094392
2016,53,2017-01-02,NORTH-EAST REGION,81.61597248094392
2016,1,2016-01-04,NORTH-EAST REGION,75.17575757575757
2016,2,2016-01-11,NORTH-EAST REGION,75.17575757575757
2016,3,2016-01-18,NORTH-EAST REGION,75.17575757575757
2016,4,2016-01-25,NORTH-EAST REGION,75.17575757575757
2016,5,2016-02-01,NORTH-EAST REGION,75.17575757575757
2016,6,2016-02-08,NORTH-EAST REGION,75.17575757575757
2016,7,2016-02-15,NORTH-EAST REGION,75.17575757575757
2016,8,2016-02-22,NORTH-EAST REGION,75.17575757575757
2016,9,2016-02-29,NORTH-EAST REGION,75.17575757575757
2016,10,2016-03-07,NORTH-EAST REGION,75.17575757575757
2016,11,2016-03-14,NORTH-EAST REGION,75.17575757575757
2016,12,2016-03-21,NORTH-EAST REGION,75.17575757575757
2016,13,2016-03-28,NORTH-EAST REGION,75.17575757575757
2016,14,2016-04-04,NORTH-EAST REGION,75.17575757575757
2016,15,2016-04-11,NORTH-EAST REGION,75.17575757575757
2016,16,2016-04-18,NORTH-EAST REGION,75.17575757575757
2016,17,2016-04-25,NORTH-EAST REGION,75.17575757575757
2016,18,2016-05-02,NORTH-EAST REGION,75.17575757575757
2016,19,2016-05-09,NORTH-EAST REGION,75.17575757575757
2016,20,2016-05-16,NORTH-EAST REGION,75.17575757575757
2016,21,2016-05-23,NORTH-EAST REGION,75.65431080575273
2016,22,2016-05-30,NORTH-EAST REGION,80.27991246041029
2016,23,2016-06-06,NORTH-EAST REGION,79.33484948571694
2016,24,2016-06-13,NORTH-EAST REGION,81.71033772512405
2016,25,2016-06-20,NORTH-EAST REGION,79.2113751775765
2016,26,2016-06-27,NORTH-EAST REGION,73.90384190161274
2016,27,2016-07-04,NORTH-EAST REGION,74.0287501027033
2016,28,2016-07-11,NORTH-EAST REGION,81.83912276401445
2016,29,2016-07-18,NORTH-EAST REGION,83.52280117190044
2016,30,2016-07-25,NORTH-EAST REGION,79.15612635495349
2016,31,2016-08-01,NORTH-EAST REGION,75.05251697522692
2016,32,2016-08-08,NORTH-EAST REGION,74.46551578801174
2016,33,2016-08-15,NORTH-EAST REGION,76.8801436580707
2016,34,2016-08-22,NORTH-EAST REGION,73.92945020056932
2016,35,2016-08-29,NORTH-EAST REGION,78.23960918313716
2016,36,2016-09-05,NORTH-EAST REGION,78.84634378290137
2016,37,2016-09-12,NORTH-EAST REGION,78.15876295352852
2016,38,2016-09-19,NORTH-EAST REGION,75.6536394979265
2016,39,2016-09-26,NORTH-EAST REGION,71.8296407635179
2016,40,2016-10-03,NORTH-EAST REGION,77.74865427097754
2016,41,2016-10-10,NORTH-EAST REGION,74.48337104742153
2016,42,2016-10-17,NORTH-EAST REGION,83.39256831394393
2016,43,2016-10-24,NORTH-EAST REGION,83.39256831394393
2016,44,2016-10-31,NORTH-EAST REGION,83.39256831394393
2016,45,2016-11-07,NORTH-EAST REGION,83.39256831394393
2016,46,2016-11-14,NORTH-EAST REGION,83.39256831394393
2016,47,2016-11-21,NORTH-EAST REGION,83.43757737719996
2016,48,2016-11-28,NORTH-EAST REGION,82.39258227708468
2016,49,2016-12-05,NORTH-EAST REGION,81.19724759458097
2016,50,2016-12-12,NORTH-EAST REGION,78.77403690208966
2016,51,2016-12-19,NORTH-EAST REGION,82.1701423176715
2016,52,2016-12-26,NORTH-EAST REGION,83.83439280477143
2017,52,2017-12-25,NORTH-EAST REGION,86.85602700398101
2017,1,2017-01-02,NORTH-EAST REGION,80.53363975863981
2017,2,2017-01-09,NORTH-EAST REGION,80.76919493145937
2017,3,2017-01-16,NORTH-EAST REGION,83.2787507640465
2017,4,2017-01-23,NORTH-EAST REGION,86.79057378087766
2017,5,2017-01-30,NORTH-EAST REGION,82.56019721706836
2017,6,2017-02-06,NORTH-EAST REGION,80.17830042292569
2017,7,2017-02-13,NORTH-EAST REGION,82.3097851352177
2017,8,2017-02-20,NORTH-EAST REGION,83.58328126895461
2017,9,2017-02-27,NORTH-EAST REGION,86.2616998064985
2017,10,2017-03-06,NORTH-EAST REGION,80.39288353886148
2017,11,2017-03-13,NORTH-EAST REGION,79.72055593482968
2017,12,2017-03-20,NORTH-EAST REGION,79.67741729317521
2017,13,2017-03-27,NORTH-EAST REGION,84.61637149281384
2017,14,2017-04-03,NORTH-EAST REGION,79.90133863137854
2017,15,2017-04-10,NORTH-EAST REGION,82.72550189431828
2017,16,2017-04-17,NORTH-EAST REGION,81.99741476401216
2017,17,2017-04-24,NORTH-EAST REGION,84.00872685303729
2017,18,2017-05-01,NORTH-EAST REGION,80.75409655677322
2017,19,2017-05-08,NORTH-EAST REGION,81.4667046361086
2017,20,2017-05-15,NORTH-EAST REGION,81.14774494879136
2017,21,2017-05-22,NORTH-EAST REGION,86.60714661894376
2017,22,2017-05-29,NORTH-EAST REGION,78.96687500556342
2017,23,2017-06-05,NORTH-EAST REGION,79.09156295148424
2017,24,2017-06-12,NORTH-EAST REGION,78.22937973320823
2017,25,2017-06-19,NORTH-EAST REGION,81.80446933047466
2017,26,2017-06-26,NORTH-EAST REGION,83.13112459047117
2017,27,2017-07-03,NORTH-EAST REGION,80.67335600317165
2017,28,2017-07-10,NORTH-EAST REGION,83.2163346443628
2017,29,2017-07-17,NORTH-EAST REGION,77.98259223263398
2017,30,2017-07-24,NORTH-EAST REGION,77.15080238776675
2017,31,2017-07-31,NORTH-EAST REGION,75.33086802282034
2017,32,2017-08-07,NORTH-EAST REGION,83.23273119342805
2017,33,2017-08-14,NORTH-EAST REGION,82.7373709391771
2017,34,2017-08-21,NORTH-EAST REGION,79.92230907198714
2017,35,2017-08-28,NORTH-EAST REGION,79.01491909128866
2017,36,2017-09-04,NORTH-EAST REGION,82.31315064650595
2017,37,2017-09-11,NORTH-EAST REGION,81.51110226612343
2017,38,2017-09-18,NORTH-EAST REGION,80.95859545992994
2017,39,2017-09-25,NORTH-EAST REGION,81.70577781388205
2017,40,2017-10-02,NORTH-EAST REGION,84.90404316346815
2017,41,2017-10-09,NORTH-EAST REGION,78.87380841535318
2017,42,2017-10-16,NORTH-EAST REGION,73.95504796874062
2017,43,2017-10-23,NORTH-EAST REGION,81.759071209058
2017,44,2017-10-30,NORTH-EAST REGION,82.72242445180589
2017,45,2017-11-06,NORTH-EAST REGION,86.3085837488047
2017,46,2017-11-13,NORTH-EAST REGION,85.07007495054006
2017,47,2017-11-20,NORTH-EAST REGION,87.91402214858769
2017,48,2017-11-27,NORTH-EAST REGION,83.8897096562567
2017,49,2017-12-04,NORTH-EAST REGION,84.84544980389069
2017,50,2017-12-11,NORTH-EAST REGION,83.92787991389795
2017,51,2017-12-18,NORTH-EAST REGION,79.34330017440762
2018,1,2018-01-01,NORTH-EAST REGION,89.61269020404752
2018,2,2018-01-08,NORTH-EAST REGION,91.9854993969596
2018,3,2018-01-15,NORTH-EAST REGION,84.00844996587963
2018,4,2018-01-22,NORTH-EAST REGION,85.92008208112884
2018,5,2018-01-29,NORTH-EAST REGION,83.83905659190589
2018,6,2018-02-05,NORTH-EAST REGION,75.0724649316299
2018,7,2018-02-12,NORTH-EAST REGION,81.1478276980115
2018,8,2018-02-19,NORTH-EAST REGION,82.09984513132873
2018,9,2018-02-26,NORTH-EAST REGION,83.0707857707309
2018,10,2018-03-05,NORTH-EAST REGION,82.12708437859544
2018,11,2018-03-12,NORTH-EAST REGION,78.55574902310676
2018,12,2018-03-19,NORTH-EAST REGION,78.35825663994522
2018,13,2018-03-26,NORTH-EAST REGION,85.84538870298354
2018,14,2018-04-02,NORTH-EAST REGION,78.5666877544231
2018,15,2018-04-09,NORTH-EAST REGION,80.718866978804
2018,16,2018-04-16,NORTH-EAST REGION,85.27870782039125
2018,17,2018-04-23,NORTH-EAST REGION,82.441746374968
2018,18,2018-04-30,NORTH-EAST REGION,82.44959353150023
2018,19,2018-05-07,NORTH-EAST REGION,75.91922458072438
2018,20,2018-05-14,NORTH-EAST REGION,84.72626173142078
2018,21,2018-05-21,NORTH-EAST REGION,81.54965768956383
2018,22,2018-05-28,NORTH-EAST REGION,83.97469213479437
2018,23,2018-06-04,NORTH-EAST REGION,77.35538959194817
2018,24,2018-06-11,NORTH-EAST REGION,81.2956843516556
2018,25,2018-06-18,NORTH-EAST REGION,85.31507878198018
2018,26,2018-06-25,NORTH-EAST REGION,85.4759892231292
2018,27,2018-07-02,NORTH-EAST REGION,79.9456814688094
2018,28,2018-07-09,NORTH-EAST REGION,80.95650241276783
2018,29,2018-07-16,NORTH-EAST REGION,79.52111652859097
2018,30,2018-07-23,NORTH-EAST REGION,76.86615908754109
2018,31,2018-07-30,NORTH-EAST REGION,83.18780453659559
2018,32,2018-08-06,NORTH-EAST REGION,79.85538715549025
2018,33,2018-08-13,NORTH-EAST REGION,75.94268457939286
2018,34,2018-08-20,NORTH-EAST REGION,79.32438971542433
2018,35,2018-08-27,NORTH-EAST REGION,79.67487678093981
2018,36,2018-09-03,NORTH-EAST REGION,83.19284659932984
2018,37,2018-09-10,NORTH-EAST REGION,77.5057735354069
2018,38,2018-09-17,NORTH-EAST REGION,80.11929003397596
2018,39,2018-09-24,NORTH-EAST REGION,75.18643251706101
2018,40,2018-10-01,NORTH-EAST REGION,75.62000579889089
2018,41,2018-10-08,NORTH-EAST REGION,89.0396375949428
2018,42,2018-10-15,NORTH-EAST REGION,79.95291502980874
2018,43,2018-10-22,NORTH-EAST REGION,84.10863356520237
2018,44,2018-10-29,NORTH-EAST REGION,84.19782254418666
2018,45,2018-11-05,NORTH-EAST REGION,82.48504303325016
2018,46,2018-11-12,NORTH-EAST REGION,84.09269818422634
2018,47,2018-11-19,NORTH-EAST REGION,83.5875971888887
2018,48,2018-11-26,NORTH-EAST REGION,85.46116598978699
2018,49,2018-12-03,NORTH-EAST REGION,86.176584499687
2018,50,2018-12-10,NORTH-EAST REGION,87.40194775828401
2018,51,2018-12-17,NORTH-EAST REGION,83.42702079090428
2018,52,2018-12-24,NORTH-EAST REGION,79.96188248291472
2019,1,2018-12-31,NORTH-EAST REGION,76.69100480340278
2019,2,2019-01-07,NORTH-EAST REGION,81.00452426627903
2019,3,2019-01-14,NORTH-EAST REGION,80.24632698075365
2019,4,2019-01-21,NORTH-EAST REGION,76.77675731203796
2019,5,2019-01-28,NORTH-EAST REGION,80.59325120287605
2019,6,2019-02-04,NORTH-EAST REGION,77.74562475867346
2019,7,2019-02-11,NORTH-EAST REGION,74.7830840551531
2019,8,2019-02-18,NORTH-EAST REGION,79.7798661337041
2019,9,2019-02-25,NORTH-EAST REGION,76.05054345496437
2019,10,2019-03-04,NORTH-EAST REGION,75.1116374883862
2019,11,2019-03-11,NORTH-EAST REGION,73.73972617239588
2019,12,2019-03-18,NORTH-EAST REGION,74.90256796786326
2019,13,2019-03-25,NORTH-EAST REGION,79.12110484131752
2019,14,2019-04-01,NORTH-EAST REGION,78.43750237233374
2019,15,2019-04-08,NORTH-EAST REGION,80.54081283753801
2019,16,2019-04-15,NORTH-EAST REGION,77.35131810575908
2019,17,2019-04-22,NORTH-EAST REGION,82.4426241577139
2019,18,2019-04-29,NORTH-EAST REGION,81.28764110742908
2019,19,2019-05-06,NORTH-EAST REGION,78.50357801055769
2019,20,2019-05-13,NORTH-EAST REGION,81.74880290692414
2019,21,2019-05-20,NORTH-EAST REGION,78.3157956795135
2019,22,2019-05-27,NORTH-EAST REGION,80.36085830375006
2019,23,2019-06-03,NORTH-EAST REGION,88.34894840036355
2019,24,2019-06-10,NORTH-EAST REGION,81.47576656016963
2019,25,2019-06-17,NORTH-EAST REGION,84.8047921760345
2019,26,2019-06-24,NORTH-EAST REGION,79.61615429479205
2019,27,2019-07-01,NORTH-EAST REGION,78.7738625500068
2019,28,2019-07-08,NORTH-EAST REGION,76.43626189060093
2019,29,2019-07-15,NORTH-EAST REGION,73.66539989656331
2019,30,2019-07-22,NORTH-EAST REGION,73.16411172302496
2019,31,2019-07-29,NORTH-EAST REGION,69.83426156738861
2019,32,2019-08-05,NORTH-EAST REGION,74.38111964823393
2019,33,2019-08-12,NORTH-EAST REGION,73.5069138968157
2019,34,2019-08-19,NORTH-EAST REGION,71.89249382377152
2019,35,2019-08-26,NORTH-EAST REGION,76.951858063261
2019,36,2019-09-02,NORTH-EAST REGION,73.21638077054857
2019,37,2019-09-09,NORTH-EAST REGION,73.85311827332794
2019,38,2019-09-16,NORTH-EAST REGION,71.34516372433629
2019,39,2019-09-23,NORTH-EAST REGION,77.67292647436632
2019,40,2019-09-30,NORTH-EAST REGION,78.50942740475534
2019,41,2019-10-07,NORTH-EAST REGION,80.05008395329143
2019,42,2019-10-14,NORTH-EAST REGION,78.1295071108803
2019,43,2019-10-21,NORTH-EAST REGION,80.94792730087603
2019,44,2019-10-28,NORTH-EAST REGION,77.39430016354498
2019,45,2019-11-04,NORTH-EAST REGION,82.27436192414287
2019,46,2019-11-11,NORTH-EAST REGION,78.65860903728058
2019,47,2019-11-18,NORTH-EAST REGION,85.18069157727815
2019,48,2019-11-25,NORTH-EAST REGION,83.99913868907956
2019,49,2019-12-02,NORTH-EAST REGION,79.26719713309431
2019,50,2019-12-09,NORTH-EAST REGION,90.07242902735749
2019,51,2019-12-16,NORTH-EAST REGION,86.78164805072699
2019,52,2019-12-23,NORTH-EAST REGION,80.03548791149309
2020,1,2019-12-30,NORTH-EAST REGION,80.80252486158052
2020,2,2020-01-06,NORTH-EAST REGION,81.35282813609243
2020,3,2020-01-13,NORTH-EAST REGION,78.29498850725362
2020,4,2020-01-20,NORTH-EAST REGION,79.01966145459316
2020,5,2020-01-27,NORTH-EAST REGION,80.97142589099597
2020,6,2020-02-03,NORTH-EAST REGION,75.88240332929105
2020,7,2020-02-10,NORTH-EAST REGION,80.99829831801465
2020,8,2020-02-17,NORTH-EAST REGION,78.53952494379817
2020,9,2020-02-24,NORTH-EAST REGION,76.17894814206495
2020,10,2020-03-02,NORTH-EAST REGION,78.70070189483128
2020,11,2020-03-09,NORTH-EAST REGION,79.273356182419
2020,12,2020-03-16,NORTH-EAST REGION,76.94263311537316
2020,13,2020-03-23,NORTH-EAST REGION,78.57554788519133
2020,14,2020-03-30,NORTH-EAST REGION,76.80356382579643
2020,15,2020-04-06,NORTH-EAST REGION,79.03839514158447
2020,16,2020-04-13,NORTH-EAST REGION,74.56471147307084
2020,17,2020-04-20,NORTH-EAST REGION,79.94920218843319
2020,18,2020-04-27,NORTH-EAST REGION,81.5805979008148
2020,19,2020-05-04,NORTH-EAST REGION,80.09405779704669
2020,20,2020-05-11,NORTH-EAST REGION,80.96215386327484
2020,21,2020-05-18,NORTH-EAST REGION,81.63874455881171
2020,22,2020-05-25,NORTH-EAST REGION,81.20318311275294
2020,23,2020-06-01,NORTH-EAST REGION,81.91201605379631
2020,24,2020-06-08,NORTH-EAST REGION,86.09460778033646
2020,25,2020-06-15,NORTH-EAST REGION,86.84344012445504
2020,26,2020-06-22,NORTH-EAST REGION,83.68129708397748
2020,27,2020-06-29,NORTH-EAST REGION,79.29487987455994
2020,28,2020-07-06,NORTH-EAST REGION,82.996610945977
2020,29,2020-07-13,NORTH-EAST REGION,82.50633709758911
2020,30,2020-07-20,NORTH-EAST REGION,81.10472672746651
2020,31,2020-07-27,NORTH-EAST REGION,82.39737059340705
2020,32,2020-08-03,NORTH-EAST REGION,77.59158579294257
2020,33,2020-08-10,NORTH-EAST REGION,80.73928559172639
2020,34,2020-08-17,NORTH-EAST REGION,83.53697287932694
2020,35,2020-08-24,NORTH-EAST REGION,79.51822860461263
2020,36,2020-08-31,NORTH-EAST REGION,84.30544884036318
2020,37,2020-09-07,NORTH-EAST REGION,83.34868837411808
2020,38,2020-09-14,NORTH-EAST REGION,80.49139689044
2020,39,2020-09-21,NORTH-EAST REGION,82.0922208614332
2020,40,2020-09-28,NORTH-EAST REGION,81.82989693677956
2020,41,2020-10-05,NORTH-EAST REGION,79.11674466417651
2020,42,2020-10-12,NORTH-EAST REGION,76.44924225639313
2020,43,2020-10-19,NORTH-EAST REGION,79.7452893771953
2020,44,2020-10-26,NORTH-EAST REGION,81.67637206751861
2020,45,2020-11-02,NORTH-EAST REGION,85.89992732486802
2013,21,2013-05-20,WEST REGION,86.20422291636244
2013,22,2013-05-27,WEST REGION,86.20422291636244
2013,23,2013-06-03,WEST REGION,86.20422291636244
2013,24,2013-06-10,WEST REGION,86.20422291636244
2013,25,2013-06-17,WEST REGION,86.20422291636244
2013,26,2013-06-24,WEST REGION,86.20422291636244
2013,27,2013-07-01,WEST REGION,86.20422291636244
2013,28,2013-07-08,WEST REGION,86.20422291636244
2013,29,2013-07-15,WEST REGION,86.20422291636244
2013,30,2013-07-22,WEST REGION,86.20422291636244
2013,31,2013-07-29,WEST REGION,86.20422291636244
2013,32,2013-08-05,WEST REGION,86.20422291636244
2013,33,2013-08-12,WEST REGION,86.20422291636244
2013,34,2013-08-19,WEST REGION,86.20422291636244
2013,35,2013-08-26,WEST REGION,86.20422291636244
2013,36,2013-09-02,WEST REGION,86.20422291636244
2013,37,2013-09-09,WEST REGION,86.20422291636244
2013,38,2013-09-16,WEST REGION,86.20422291636244
2013,39,2013-09-23,WEST REGION,86.20422291636244
2013,40,2013-09-30,WEST REGION,86.20422291636244
2013,41,2013-10-07,WEST REGION,86.20422291636244
2013,42,2013-10-14,WEST REGION,86.20422291636244
2013,43,2013-10-21,WEST REGION,86.20422291636244
2013,44,2013-10-28,WEST REGION,86.20422291636244
2013,45,2013-11-04,WEST REGION,86.20422291636244
2013,46,2013-11-11,WEST REGION,86.20422291636244
2013,47,2013-11-18,WEST REGION,86.20422291636244
2013,48,2013-11-25,WEST REGION,86.20422291636244
2013,49,2013-12-02,WEST REGION,86.20422291636244
2013,50,2013-12-09,WEST REGION,86.20422291636244
2013,51,2013-12-16,WEST REGION,86.20422291636244
2013,52,2013-12-23,WEST REGION,86.20422291636244
2013,1,2012-12-31,WEST REGION,86.20422291636244
2014,1,2013-12-30,WEST REGION,86.20422291636244
2014,2,2014-01-06,WEST REGION,86.20422291636244
2014,3,2014-01-13,WEST REGION,86.20422291636244
2014,4,2014-01-20,WEST REGION,86.20422291636244
2014,5,2014-01-27,WEST REGION,86.20422291636244
2014,6,2014-02-03,WEST REGION,86.20422291636244
2014,7,2014-02-10,WEST REGION,86.20422291636244
2014,8,2014-02-17,WEST REGION,86.20422291636244
2014,9,2014-02-24,WEST REGION,86.20422291636244
2014,10,2014-03-03,WEST REGION,86.20422291636244
2014,11,2014-03-10,WEST REGION,86.20422291636244
2014,12,2014-03-17,WEST REGION,86.20422291636244
2014,13,2014-03-24,WEST REGION,86.20422291636244
2014,14,2014-03-31,WEST REGION,86.20422291636244
2014,15,2014-04-07,WEST REGION,86.20422291636244
2014,16,2014-04-14,WEST REGION,86.20422291636244
2014,17,2014-04-21,WEST REGION,86.20422291636244
2014,18,2014-04-28,WEST REGION,86.20422291636244
2014,19,2014-05-05,WEST REGION,86.20422291636244
2014,20,2014-05-12,WEST REGION,86.20422291636244
2014,21,2014-05-19,WEST REGION,86.20422291636244
2014,22,2014-05-26,WEST REGION,86.20422291636244
2014,23,2014-06-02,WEST REGION,86.20422291636244
2014,24,2014-06-09,WEST REGION,86.20422291636244
2014,25,2014-06-16,WEST REGION,86.20422291636244
2014,26,2014-06-23,WEST REGION,86.20422291636244
2014,27,2014-06-30,WEST REGION,86.20422291636244
2014,28,2014-07-07,WEST REGION,86.20422291636244
2014,29,2014-07-14,WEST REGION,86.20422291636244
2014,30,2014-07-21,WEST REGION,86.20422291636244
2014,31,2014-07-28,WEST REGION,86.20422291636244
2014,32,2014-08-04,WEST REGION,86.20422291636244
2014,33,2014-08-11,WEST REGION,86.20422291636244
2014,34,2014-08-18,WEST REGION,86.20422291636244
2014,35,2014-08-25,WEST REGION,86.20422291636244
2014,36,2014-09-01,WEST REGION,86.20422291636244
2014,37,2014-09-08,WEST REGION,86.20422291636244
2014,38,2014-09-15,WEST REGION,86.20422291636244
2014,39,2014-09-22,WEST REGION,86.20422291636244
2014,40,2014-09-29,WEST REGION,86.20422291636244
2014,41,2014-10-06,WEST REGION,86.20422291636244
2014,42,2014-10-13,WEST REGION,86.20422291636244
2014,43,2014-10-20,WEST REGION,86.20422291636244
2014,44,2014-10-27,WEST REGION,86.20422291636244
2014,45,2014-11-03,WEST REGION,86.20422291636244
2014,46,2014-11-10,WEST REGION,86.20422291636244
2014,47,2014-11-17,WEST REGION,86.20422291636244
2014,48,2014-11-24,WEST REGION,86.20422291636244
2014,49,2014-12-01,WEST REGION,86.20422291636244
2014,50,2014-12-08,WEST REGION,86.20422291636244
2014,51,2014-12-15,WEST REGION,86.20422291636244
2014,52,2014-12-22,WEST REGION,86.20422291636244
2015,1,2014-12-29,WEST REGION,86.20422291636244
2015,2,2015-01-05,WEST REGION,86.20422291636244
2015,3,2015-01-12,WEST REGION,86.20422291636244
2015,4,2015-01-19,WEST REGION,86.20422291636244
2015,5,2015-01-26,WEST REGION,86.20422291636244
2015,6,2015-02-02,WEST REGION,86.20422291636244
2015,7,2015-02-09,WEST REGION,86.20422291636244
2015,8,2015-02-16,WEST REGION,86.20422291636244
2015,9,2015-02-23,WEST REGION,86.20422291636244
2015,10,2015-03-02,WEST REGION,86.20422291636244
2015,11,2015-03-09,WEST REGION,86.20422291636244
2015,12,2015-03-16,WEST REGION,86.20422291636244
2015,13,2015-03-23,WEST REGION,86.20422291636244
2015,14,2015-03-30,WEST REGION,86.20422291636244
2015,15,2015-04-06,WEST REGION,86.20422291636244
2015,16,2015-04-13,WEST REGION,86.20422291636244
2015,17,2015-04-20,WEST REGION,86.20422291636244
2015,18,2015-04-27,WEST REGION,86.20422291636244
2015,19,2015-05-04,WEST REGION,86.20422291636244
2015,20,2015-05-11,WEST REGION,86.20422291636244
2015,21,2015-05-18,WEST REGION,86.20422291636244
2015,22,2015-05-25,WEST REGION,86.20422291636244
2015,23,2015-06-01,WEST REGION,86.20422291636244
2015,24,2015-06-08,WEST REGION,86.20422291636244
2015,25,2015-06-15,WEST REGION,86.20422291636244
2015,26,2015-06-22,WEST REGION,86.20422291636244
2015,27,2015-06-29,WEST REGION,86.20422291636244
2015,28,2015-07-06,WEST REGION,86.20422291636244
2015,29,2015-07-13,WEST REGION,86.20422291636244
2015,30,2015-07-20,WEST REGION,86.20422291636244
2015,31,2015-07-27,WEST REGION,86.20422291636244
2015,32,2015-08-03,WEST REGION,86.20422291636244
2015,33,2015-08-10,WEST REGION,86.20422291636244
2015,34,2015-08-17,WEST REGION,86.20422291636244
2015,35,2015-08-24,WEST REGION,86.20422291636244
2015,36,2015-08-31,WEST REGION,86.20422291636244
2015,37,2015-09-07,WEST REGION,86.20422291636244
2015,38,2015-09-14,WEST REGION,86.20422291636244
2015,39,2015-09-21,WEST REGION,86.20422291636244
2015,40,2015-09-28,WEST REGION,86.20422291636244
2015,41,2015-10-05,WEST REGION,86.20422291636244
2015,42,2015-10-12,WEST REGION,86.20422291636244
2015,43,2015-10-19,WEST REGION,86.20422291636244
2015,44,2015-10-26,WEST REGION,86.20422291636244
2015,45,2015-11-02,WEST REGION,86.20422291636244
2015,46,2015-11-09,WEST REGION,86.20422291636244
2015,47,2015-11-16,WEST REGION,86.20422291636244
2015,48,2015-11-23,WEST REGION,86.20422291636244
2015,49,2015-11-30,WEST REGION,86.20422291636244
2015,50,2015-12-07,WEST REGION,86.20422291636244
2015,51,2015-12-14,WEST REGION,86.20422291636244
2015,52,2015-12-21,WEST REGION,86.20422291636244
2015,53,2015-12-28,WEST REGION,86.20422291636244
2016,53,2017-01-02,WEST REGION,86.20422291636244
2016,1,2016-01-04,WEST REGION,65.90545454545455
2016,2,2016-01-11,WEST REGION,65.90545454545455
2016,3,2016-01-18,WEST REGION,65.90545454545455
2016,4,2016-01-25,WEST REGION,65.90545454545455
2016,5,2016-02-01,WEST REGION,65.90545454545455
2016,6,2016-02-08,WEST REGION,65.90545454545455
2016,7,2016-02-15,WEST REGION,65.90545454545455
2016,8,2016-02-22,WEST REGION,65.90545454545455
2016,9,2016-02-29,WEST REGION,65.90545454545455
2016,10,2016-03-07,WEST REGION,65.90545454545455
2016,11,2016-03-14,WEST REGION,65.90545454545455
2016,12,2016-03-21,WEST REGION,65.90545454545455
2016,13,2016-03-28,WEST REGION,65.90545454545455
2016,14,2016-04-04,WEST REGION,65.90545454545455
2016,15,2016-04-11,WEST REGION,65.90545454545455
2016,16,2016-04-18,WEST REGION,65.90545454545455
2016,17,2016-04-25,WEST REGION,65.90545454545455
2016,18,2016-05-02,WEST REGION,65.90545454545455
2016,19,2016-05-09,WEST REGION,65.90545454545455
2016,20,2016-05-16,WEST REGION,65.90545454545455
2016,21,2016-05-23,WEST REGION,73.42956451563083
2016,22,2016-05-30,WEST REGION,77.81915994777451
2016,23,2016-06-06,WEST REGION,77.44452604269897
2016,24,2016-06-13,WEST REGION,79.84301109274544
2016,25,2016-06-20,WEST REGION,75.5287917740154
2016,26,2016-06-27,WEST REGION,70.71313754155142
2016,27,2016-07-04,WEST REGION,72.72720462891223
2016,28,2016-07-11,WEST REGION,79.4518723459861
2016,29,2016-07-18,WEST REGION,80.93275041697731
2016,30,2016-07-25,WEST REGION,76.71738345827211
2016,31,2016-08-01,WEST REGION,74.22875277904139
2016,32,2016-08-08,WEST REGION,72.83835640520897
2016,33,2016-08-15,WEST REGION,75.3118268820374
2016,34,2016-08-22,WEST REGION,71.49777278608882
2016,35,2016-08-29,WEST REGION,76.19603857101023
2016,36,2016-09-05,WEST REGION,76.51067741123663
2016,37,2016-09-12,WEST REGION,74.66933679754588
2016,38,2016-09-19,WEST REGION,73.01974158419436
2016,39,2016-09-26,WEST REGION,71.06129990862814
2016,40,2016-10-03,WEST REGION,75.75185235200584
2016,41,2016-10-10,WEST REGION,74.0742613796956
2016,42,2016-10-17,WEST REGION,78.12394702171
2016,43,2016-10-24,WEST REGION,78.12394702171
2016,44,2016-10-31,WEST REGION,78.12394702171
2016,45,2016-11-07,WEST REGION,78.12394702171
2016,46,2016-11-14,WEST REGION,78.12394702171
2016,47,2016-11-21,WEST REGION,79.29831160874434
2016,48,2016-11-28,WEST REGION,78.48172818853025
2016,49,2016-12-05,WEST REGION,75.53382930698174
2016,50,2016-12-12,WEST REGION,76.2225929113038
2016,51,2016-12-19,WEST REGION,76.1987514090931
2016,52,2016-12-26,WEST REGION,78.43392792832712
2017,52,2017-12-25,WEST REGION,76.82538062927092
2017,1,2017-01-02,WEST REGION,75.45333689255604
2017,2,2017-01-09,WEST REGION,74.5688127202796
2017,3,2017-01-16,WEST REGION,77.69489992060166
2017,4,2017-01-23,WEST REGION,81.14075988951625
2017,5,2017-01-30,WEST REGION,77.21326829185293
2017,6,2017-02-06,WEST REGION,74.71341751969165
2017,7,2017-02-13,WEST REGION,77.21820011144662
2017,8,2017-02-20,WEST REGION,78.99492249464197
2017,9,2017-02-27,WEST REGION,83.43973132230585
2017,10,2017-03-06,WEST REGION,76.71950885768733
2017,11,2017-03-13,WEST REGION,76.02398999524155
2017,12,2017-03-20,WEST REGION,76.08002584845669
2017,13,2017-03-27,WEST REGION,80.20918379296971
2017,14,2017-04-03,WEST REGION,77.93726858177955
2017,15,2017-04-10,WEST REGION,80.30604610455178
2017,16,2017-04-17,WEST REGION,78.84187245144189
2017,17,2017-04-24,WEST REGION,79.8602177678695
2017,18,2017-05-01,WEST REGION,79.02196977785233
2017,19,2017-05-08,WEST REGION,79.74934802025854
2017,20,2017-05-15,WEST REGION,79.8106784421543
2017,21,2017-05-22,WEST REGION,83.6504436138306
2017,22,2017-05-29,WEST REGION,77.82782872428247
2017,23,2017-06-05,WEST REGION,76.25823290248069
2017,24,2017-06-12,WEST REGION,77.8933526767711
2017,25,2017-06-19,WEST REGION,77.70673966600299
2017,26,2017-06-26,WEST REGION,76.94114081994239
2017,27,2017-07-03,WEST REGION,78.87676654342104
2017,28,2017-07-10,WEST REGION,79.34633172226008
2017,29,2017-07-17,WEST REGION,75.41073652113836
2017,30,2017-07-24,WEST REGION,75.00374272923871
2017,31,2017-07-31,WEST REGION,72.78862316346114
2017,32,2017-08-07,WEST REGION,80.75964329631921
2017,33,2017-08-14,WEST REGION,78.48870625631986
2017,34,2017-08-21,WEST REGION,77.21284135973309
2017,35,2017-08-28,WEST REGION,77.35190497598725
2017,36,2017-09-04,WEST REGION,80.25578985212415
2017,37,2017-09-11,WEST REGION,79.08412300047856
2017,38,2017-09-18,WEST REGION,78.25140417681506
2017,39,2017-09-25,WEST REGION,79.8690064323105
2017,40,2017-10-02,WEST REGION,81.60454506025727
2017,41,2017-10-09,WEST REGION,77.39024531713699
2017,42,2017-10-16,WEST REGION,72.00636434725271
2017,43,2017-10-23,WEST REGION,76.91294740799844
2017,44,2017-10-30,WEST REGION,80.98407004465278
2017,45,2017-11-06,WEST REGION,83.1104328266875
2017,46,2017-11-13,WEST REGION,81.66818164978639
2017,47,2017-11-20,WEST REGION,82.75507901727224
2017,48,2017-11-27,WEST REGION,75.71672018777005
2017,49,2017-12-04,WEST REGION,78.82197930802327
2017,50,2017-12-11,WEST REGION,78.706818710611
2017,51,2017-12-18,WEST REGION,72.14302314401377
2018,1,2018-01-01,WEST REGION,78.4394236355449
2018,2,2018-01-08,WEST REGION,80.48705483484278
2018,3,2018-01-15,WEST REGION,75.92138160364779
2018,4,2018-01-22,WEST REGION,78.093533384521
2018,5,2018-01-29,WEST REGION,77.78650576630478
2018,6,2018-02-05,WEST REGION,67.25672676748896
2018,7,2018-02-12,WEST REGION,73.65955846099509
2018,8,2018-02-19,WEST REGION,76.95386154012147
2018,9,2018-02-26,WEST REGION,79.78773308648523
2018,10,2018-03-05,WEST REGION,78.52360803369879
2018,11,2018-03-12,WEST REGION,76.39664137113759
2018,12,2018-03-19,WEST REGION,75.36420144677848
2018,13,2018-03-26,WEST REGION,82.22698234482849
2018,14,2018-04-02,WEST REGION,76.23582865185536
2018,15,2018-04-09,WEST REGION,76.27283002044493
2018,16,2018-04-16,WEST REGION,85.41969120572824
2018,17,2018-04-23,WEST REGION,80.4109195624131
2018,18,2018-04-30,WEST REGION,82.09495199740171
2018,19,2018-05-07,WEST REGION,75.67677477245107
2018,20,2018-05-14,WEST REGION,84.99536212253335
2018,21,2018-05-21,WEST REGION,82.89886284562128
2018,22,2018-05-28,WEST REGION,83.76436719568446
2018,23,2018-06-04,WEST REGION,73.77939867564331
2018,24,2018-06-11,WEST REGION,78.9125316016343
2018,25,2018-06-18,WEST REGION,84.08347185202227
2018,26,2018-06-25,WEST REGION,84.10424845911861
2018,27,2018-07-02,WEST REGION,77.88233145678682
2018,28,2018-07-09,WEST REGION,78.80867975481601
2018,29,2018-07-16,WEST REGION,77.68628491122175
2018,30,2018-07-23,WEST REGION,76.11121306329714
2018,31,2018-07-30,WEST REGION,79.68859264374937
2018,32,2018-08-06,WEST REGION,77.61760382062728
2018,33,2018-08-13,WEST REGION,74.60098476269556
2018,34,2018-08-20,WEST REGION,75.70566028604081
2018,35,2018-08-27,WEST REGION,78.63106185631771
2018,36,2018-09-03,WEST REGION,81.13346046546378
2018,37,2018-09-10,WEST REGION,75.67993178770948
2018,38,2018-09-17,WEST REGION,78.31608983707919
2018,39,2018-09-24,WEST REGION,72.30732937465477
2018,40,2018-10-01,WEST REGION,74.65685898173719
2018,41,2018-10-08,WEST REGION,87.84812576746087
2018,42,2018-10-15,WEST REGION,79.23615798998547
2018,43,2018-10-22,WEST REGION,82.5468111145045
2018,44,2018-10-29,WEST REGION,86.10711242201265
2018,45,2018-11-05,WEST REGION,84.57093231179826
2018,46,2018-11-12,WEST REGION,83.0211559416538
2018,47,2018-11-19,WEST REGION,81.68331714223315
2018,48,2018-11-26,WEST REGION,83.40858189991786
2018,49,2018-12-03,WEST REGION,86.15059431633388
2018,50,2018-12-10,WEST REGION,86.44269388001605
2018,51,2018-12-17,WEST REGION,70.96111622760799
2018,52,2018-12-24,WEST REGION,76.19758690022893
2019,1,2018-12-31,WEST REGION,75.54060593414847
2019,2,2019-01-07,WEST REGION,74.16100120574664
2019,3,2019-01-14,WEST REGION,70.85725978851384
2019,4,2019-01-21,WEST REGION,73.00893547867409
2019,5,2019-01-28,WEST REGION,76.33996787999988
2019,6,2019-02-04,WEST REGION,79.75745384346733
2019,7,2019-02-11,WEST REGION,70.37759443174245
2019,8,2019-02-18,WEST REGION,77.98384829287504
2019,9,2019-02-25,WEST REGION,68.24624862468299
2019,10,2019-03-04,WEST REGION,63.68958004193204
2019,11,2019-03-11,WEST REGION,65.5818565141385
2019,12,2019-03-18,WEST REGION,69.63529475418164
2019,13,2019-03-25,WEST REGION,70.10768459857194
2019,14,2019-04-01,WEST REGION,71.60537234665986
2019,15,2019-04-08,WEST REGION,72.46585404445749
2019,16,2019-04-15,WEST REGION,76.62336319258546
2019,17,2019-04-22,WEST REGION,84.09522030472148
2019,18,2019-04-29,WEST REGION,78.2053139583452
2019,19,2019-05-06,WEST REGION,77.45460311088242
2019,20,2019-05-13,WEST REGION,82.11272364621907
2019,21,2019-05-20,WEST REGION,79.10035050281178
2019,22,2019-05-27,WEST REGION,80.9395506529828
2019,23,2019-06-03,WEST REGION,85.15792324245925
2019,24,2019-06-10,WEST REGION,80.45443779222134
2019,25,2019-06-17,WEST REGION,84.87346017235501
2019,26,2019-06-24,WEST REGION,77.79433450601226
2019,27,2019-07-01,WEST REGION,76.50531724557834
2019,28,2019-07-08,WEST REGION,75.04803852486735
2019,29,2019-07-15,WEST REGION,72.74035263442362
2019,30,2019-07-22,WEST REGION,71.68527461310126
2019,31,2019-07-29,WEST REGION,70.31816266282203
2019,32,2019-08-05,WEST REGION,73.69900386037942
2019,33,2019-08-12,WEST REGION,73.63635605078996
2019,34,2019-08-19,WEST REGION,70.9576777863004
2019,35,2019-08-26,WEST REGION,75.28425290524974
2019,36,2019-09-02,WEST REGION,73.46549927953507
2019,37,2019-09-09,WEST REGION,74.10181565925866
2019,38,2019-09-16,WEST REGION,71.45828832855231
2019,39,2019-09-23,WEST REGION,79.24693151639293
2019,40,2019-09-30,WEST REGION,78.7180729954814
2019,41,2019-10-07,WEST REGION,80.79658069184957
2019,42,2019-10-14,WEST REGION,80.01628165020655
2019,43,2019-10-21,WEST REGION,83.71979666855408
2019,44,2019-10-28,WEST REGION,77.23132929579533
2019,45,2019-11-04,WEST REGION,79.81306987317727
2019,46,2019-11-11,WEST REGION,77.95924231573088
2019,47,2019-11-18,WEST REGION,85.00236272735798
2019,48,2019-11-25,WEST REGION,84.91418985341035
2019,49,2019-12-02,WEST REGION,77.15975673444345
2019,50,2019-12-09,WEST REGION,89.47351648025678
2019,51,2019-12-16,WEST REGION,88.44640689896931
2019,52,2019-12-23,WEST REGION,77.3867213062169
2020,1,2019-12-30,WEST REGION,77.78275697277343
2020,2,2020-01-06,WEST REGION,80.26302964549684
2020,3,2020-01-13,WEST REGION,77.74292131924119
2020,4,2020-01-20,WEST REGION,78.023821727696
2020,5,2020-01-27,WEST REGION,79.2980040877051
2020,6,2020-02-03,WEST REGION,72.86221017878925
2020,7,2020-02-10,WEST REGION,82.71375827181119
2020,8,2020-02-17,WEST REGION,75.5498417913736
2020,9,2020-02-24,WEST REGION,72.66447083105085
2020,10,2020-03-02,WEST REGION,78.97061339538706
2020,11,2020-03-09,WEST REGION,75.5096543739496
2020,12,2020-03-16,WEST REGION,76.03409223304509
2020,13,2020-03-23,WEST REGION,81.06773646706573
2020,14,2020-03-30,WEST REGION,77.93424536012547
2020,15,2020-04-06,WEST REGION,80.76506116413577
2020,16,2020-04-13,WEST REGION,73.52096539556173
2020,17,2020-04-20,WEST REGION,82.32750492971127
2020,18,2020-04-27,WEST REGION,84.05271119069116
2020,19,2020-05-04,WEST REGION,80.33280374809512
2020,20,2020-05-11,WEST REGION,81.0205257920909
2020,21,2020-05-18,WEST REGION,82.34378733157132
2020,22,2020-05-25,WEST REGION,83.55274739553631
2020,23,2020-06-01,WEST REGION,84.0177625042172
2020,24,2020-06-08,WEST REGION,84.66818945046602
2020,25,2020-06-15,WEST REGION,87.87114235734262
2020,26,2020-06-22,WEST REGION,84.1591679430067
2020,27,2020-06-29,WEST REGION,79.23674332785546
2020,28,2020-07-06,WEST REGION,85.67431473449001
2020,29,2020-07-13,WEST REGION,83.77893017240912
2020,30,2020-07-20,WEST REGION,83.61492964337894
2020,31,2020-07-27,WEST REGION,83.74143841900843
2020,32,2020-08-03,WEST REGION,79.07408199478934
2020,33,2020-08-10,WEST REGION,82.46959679440067
2020,34,2020-08-17,WEST REGION,84.22868384010133
2020,35,2020-08-24,WEST REGION,80.80360663579343
2020,36,2020-08-31,WEST REGION,85.06934559302502
2020,37,2020-09-07,WEST REGION,85.84276755085023
2020,38,2020-09-14,WEST REGION,82.07027441630517
2020,39,2020-09-21,WEST REGION,83.39985298465707
2020,40,2020-09-28,WEST REGION,82.97731034896808
2020,41,2020-10-05,WEST REGION,81.97702484139036
2020,42,2020-10-12,WEST REGION,76.93518846147109
2020,43,2020-10-19,WEST REGION,81.2568802648706
2020,44,2020-10-26,WEST REGION,82.9327140967315
2020,45,2020-11-02,WEST REGION,86.20073817075615
