year,planning_area_hse,hdb_1_and_2_room_flats_hse,hdb_3_room_flats_hse,hdb_4_room_flats_hse,hdb_5_room_and_executive_flats_hse,condominiums_and_other_apartments_hse,landed_properties_hse,others_hse,total_hdb_hse,hdb_1_and_2_room_flats_pop,hdb_3_room_flats_pop,hdb_4_room_flats_pop,hdb_5_room_and_executive_flats_pop,condominiums_and_other_apartments_pop,landed_properties_pop,others_pop,total_hdb_pop,total_pop
2010,Ang Mo Kio,5122.0,26090.0,13993.0,6271.0,3661.0,4177.0,391.0,51476.0,11660.0,70180.0,47300.0,21860.0,10870.0,16050.0,1390.0,150980.0,179300.0
2011,Ang Mo Kio,5217.6,25972.0,14154.4,6316.8,3928.8,4321.6,372.8,51660.8,11858.0,68894.0,47058.0,22012.0,11080.0,16122.0,1378.0,149806.0,178394.0
2012,Ang Mo Kio,5313.2,25854.0,14315.8,6362.6,4196.6,4466.2,354.6,51845.6,12056.0,67608.0,46816.0,22164.0,11290.0,16194.0,1366.0,148632.0,177488.0
2013,Ang Mo Kio,5408.8,25736.0,14477.2,6408.4,4464.4,4610.8,336.4,52030.4,12254.0,66322.0,46574.0,22316.0,11500.0,16266.0,1354.0,147458.0,176582.0
2014,Ang Mo Kio,5504.4,25618.0,14638.6,6454.2,4732.2,4755.4,318.2,52215.2,12452.0,65036.0,46332.0,22468.0,11710.0,16338.0,1342.0,146284.0,175676.0
2015,Ang Mo Kio,5600.0,25500.0,14800.0,6500.0,5000.0,4900.0,300.0,52400.0,12650.0,63750.0,46090.0,22620.0,11920.0,16410.0,1330.0,145110.0,174770.0
2016,Ang Mo Kio,5480.4,25217.4,14818.8,6532.8,4963.0,4806.6,305.0,52049.4,12264.0,62182.0,45478.0,22370.0,12332.0,16304.0,1342.0,142292.0,172272.0
2017,Ang Mo Kio,5360.8,24934.8,14837.6,6565.6,4926.0,4713.2,310.0,51698.8,11878.0,60614.0,44866.0,22120.0,12744.0,16198.0,1354.0,139474.0,169774.0
2018,Ang Mo Kio,5241.2,24652.2,14856.4,6598.4,4889.0,4619.8,315.0,51348.2,11492.0,59046.0,44254.0,21870.0,13156.0,16092.0,1366.0,136656.0,167276.0
2019,Ang Mo Kio,5121.6,24369.6,14875.2,6631.2,4852.0,4526.4,320.0,50997.6,11106.0,57478.0,43642.0,21620.0,13568.0,15986.0,1378.0,133838.0,164778.0
2020,Ang Mo Kio,5002.0,24087.0,14894.0,6664.0,4815.0,4433.0,325.0,50647.0,10720.0,55910.0,43030.0,21370.0,13980.0,15880.0,1390.0,131020.0,162280.0
2010,Punggol,0.0,0.0,5914.0,12085.0,0.0,44.0,0.0,17999.0,170.0,0.0,19620.0,39340.0,0.0,250.0,10.0,59130.0,59390.0
2011,Punggol,360.0,380.0,7671.2,12348.0,280.0,35.2,0.0,20759.2,1068.0,1306.0,25490.0,40590.0,696.0,256.0,58.0,68452.0,69462.0
2012,Punggol,720.0,760.0,9428.4,12611.0,560.0,26.4,0.0,23519.4,1966.0,2612.0,31360.0,41840.0,1392.0,262.0,106.0,77774.0,79534.0
2013,Punggol,1080.0,1140.0,11185.6,12874.0,840.0,17.599999999999998,0.0,26279.6,2864.0,3918.0,37230.0,43090.0,2088.0,268.0,154.0,87096.0,89606.0
2014,Punggol,1440.0,1520.0,12942.8,13137.0,1120.0,8.799999999999997,0.0,29039.8,3762.0,5224.0,43100.0,44340.0,2784.0,274.0,202.0,96418.0,99678.0
2015,Punggol,1800.0,1900.0,14700.0,13400.0,1400.0,0.0,0.0,31800.0,4660.0,6530.0,48970.0,45590.0,3480.0,280.0,250.0,105740.0,109750.0
2016,Punggol,2312.8,2600.8,16215.4,14118.0,2532.2,13.8,0.0,35247.0,5586.0,8132.0,53276.0,47920.0,7250.0,286.0,250.0,114906.0,122690.0
2017,Punggol,2825.6,3301.6,17730.8,14836.0,3664.4,27.6,0.0,38694.0,6512.0,9734.0,57582.0,50250.0,11020.0,292.0,250.0,124072.0,135630.0
2018,Punggol,3338.3999999999996,4002.3999999999996,19246.2,15554.0,4796.6,41.400000000000006,0.0,42141.0,7438.0,11336.0,61888.0,52580.0,14790.0,298.0,250.0,133238.0,148570.0
2019,Punggol,3851.2,4703.2,20761.6,16272.0,5928.8,55.2,0.0,45588.0,8364.0,12938.0,66194.0,54910.0,18560.0,304.0,250.0,142404.0,161510.0
2020,Punggol,4364.0,5404.0,22277.0,16990.0,7061.0,69.0,0.0,49035.0,9290.0,14540.0,70500.0,57240.0,22330.0,310.0,250.0,151570.0,174450.0
2010,Pasir Ris,25.0,0.0,11526.0,17424.0,5134.0,1949.0,0.0,28975.0,40.0,0.0,42060.0,67790.0,15830.0,7310.0,830.0,109900.0,133860.0
2011,Pasir Ris,160.0,20.0,11660.8,17579.2,5647.2,1879.2,20.0,29420.0,272.0,104.0,41904.0,67298.0,17348.0,7344.0,796.0,109586.0,135066.0
2012,Pasir Ris,295.0,40.0,11795.6,17734.4,6160.4,1809.4,40.0,29865.0,504.0,208.0,41748.0,66806.0,18866.0,7378.0,762.0,109272.0,136272.0
2013,Pasir Ris,430.0,60.0,11930.4,17889.6,6673.6,1739.6,60.0,30310.0,736.0,312.0,41592.0,66314.0,20384.0,7412.0,728.0,108958.0,137478.0
2014,Pasir Ris,565.0,80.0,12065.2,18044.8,7186.8,1669.8,80.0,30755.0,968.0,416.0,41436.0,65822.0,21902.0,7446.0,694.0,108644.0,138684.0
2015,Pasir Ris,700.0,100.0,12200.0,18200.0,7700.0,1600.0,100.0,31200.0,1200.0,520.0,41280.0,65330.0,23420.0,7480.0,660.0,108330.0,139890.0
2016,Pasir Ris,706.8,151.2,12121.8,17996.0,8722.8,1661.0,80.0,30976.0,1244.0,594.0,40784.0,64566.0,26092.0,7406.0,650.0,107188.0,141334.0
2017,Pasir Ris,713.6,202.4,12043.6,17792.0,9745.6,1722.0,60.0,30752.0,1288.0,668.0,40288.0,63802.0,28764.0,7332.0,640.0,106046.0,142778.0
2018,Pasir Ris,720.4,253.60000000000002,11965.4,17588.0,10768.4,1783.0,40.0,30528.0,1332.0,742.0,39792.0,63038.0,31436.0,7258.0,630.0,104904.0,144222.0
2019,Pasir Ris,727.2,304.8,11887.2,17384.0,11791.2,1844.0,20.0,30304.0,1376.0,816.0,39296.0,62274.0,34108.0,7184.0,620.0,103762.0,145666.0
2020,Pasir Ris,734.0,356.0,11809.0,17180.0,12814.0,1905.0,0.0,30080.0,1420.0,890.0,38800.0,61510.0,36780.0,7110.0,610.0,102620.0,147110.0
2010,Novena,746.0,3167.0,2163.0,1523.0,5343.0,2099.0,166.0,7599.0,1980.0,8690.0,7140.0,5380.0,14560.0,7340.0,1550.0,23190.0,46640.0
2011,Novena,776.8,3093.6,2170.4,1438.4,5654.4,2039.2,152.8,7479.2,2028.0,8530.0,7052.0,5322.0,15178.0,7336.0,1464.0,22930.0,46910.0
2012,Novena,807.6,3020.2,2177.8,1353.8,5965.8,1979.4,139.6,7359.4,2076.0,8370.0,6964.0,5264.0,15796.0,7332.0,1378.0,22670.0,47180.0
2013,Novena,838.4,2946.8,2185.2,1269.2,6277.2,1919.6,126.4,7239.6,2124.0,8210.0,6876.0,5206.0,16414.0,7328.0,1292.0,22410.0,47450.0
2014,Novena,869.2,2873.4,2192.6,1184.6,6588.6,1859.8,113.2,7119.8,2172.0,8050.0,6788.0,5148.0,17032.0,7324.0,1206.0,22150.0,47720.0
2015,Novena,900.0,2800.0,2200.0,1100.0,6900.0,1800.0,100.0,7000.0,2220.0,7890.0,6700.0,5090.0,17650.0,7320.0,1120.0,21890.0,47990.0
2016,Novena,873.6,2908.4,2324.4,1167.6,7048.2,1878.6,95.2,7274.0,2102.0,7844.0,6948.0,4980.0,17922.0,7408.0,1054.0,21868.0,48258.0
2017,Novena,847.2,3016.8,2448.8,1235.2,7196.4,1957.2,90.4,7548.0,1984.0,7798.0,7196.0,4870.0,18194.0,7496.0,988.0,21846.0,48526.0
2018,Novena,820.8,3125.2,2573.2,1302.8,7344.6,2035.8,85.6,7822.0,1866.0,7752.0,7444.0,4760.0,18466.0,7584.0,922.0,21824.0,48794.0
2019,Novena,794.4,3233.6,2697.6,1370.4,7492.8,2114.4,80.8,8096.0,1748.0,7706.0,7692.0,4650.0,18738.0,7672.0,856.0,21802.0,49062.0
2020,Novena,768.0,3342.0,2822.0,1438.0,7641.0,2193.0,76.0,8370.0,1630.0,7660.0,7940.0,4540.0,19010.0,7760.0,790.0,21780.0,49330.0
2010,Marine Parade,1402.0,3136.0,1796.0,1813.0,4698.0,2444.0,209.0,8147.0,3460.0,7680.0,5840.0,6020.0,13990.0,9690.0,640.0,23000.0,47320.0
2011,Marine Parade,1401.6,3068.8,1776.8,1710.4,4938.4,2355.2,187.2,7977.6,3516.0,7526.0,5744.0,5954.0,14592.0,9650.0,622.0,22738.0,47602.0
2012,Marine Parade,1401.2,3001.6,1757.6,1607.8,5178.8,2266.4,165.4,7808.2,3572.0,7372.0,5648.0,5888.0,15194.0,9610.0,604.0,22476.0,47884.0
2013,Marine Parade,1400.8,2934.4,1738.4,1505.2,5419.2,2177.6,143.6,7638.8,3628.0,7218.0,5552.0,5822.0,15796.0,9570.0,586.0,22214.0,48166.0
2014,Marine Parade,1400.4,2867.2,1719.2,1402.6,5659.6,2088.8,121.8,7469.4,3684.0,7064.0,5456.0,5756.0,16398.0,9530.0,568.0,21952.0,48448.0
2015,Marine Parade,1400.0,2800.0,1700.0,1300.0,5900.0,2000.0,100.0,7300.0,3740.0,6910.0,5360.0,5690.0,17000.0,9490.0,550.0,21690.0,48730.0
2016,Marine Parade,1397.4,2829.2,1725.2,1406.6,5986.8,2120.6,107.8,7438.6,3646.0,6756.0,5234.0,5618.0,17014.0,9442.0,526.0,21246.0,48228.0
2017,Marine Parade,1394.8,2858.4,1750.4,1513.2,6073.6,2241.2,115.6,7577.2,3552.0,6602.0,5108.0,5546.0,17028.0,9394.0,502.0,20802.0,47726.0
2018,Marine Parade,1392.2,2887.6,1775.6,1619.8,6160.4,2361.8,123.4,7715.8,3458.0,6448.0,4982.0,5474.0,17042.0,9346.0,478.0,20358.0,47224.0
2019,Marine Parade,1389.6,2916.8,1800.8,1726.4,6247.2,2482.4,131.2,7854.4,3364.0,6294.0,4856.0,5402.0,17056.0,9298.0,454.0,19914.0,46722.0
2020,Marine Parade,1387.0,2946.0,1826.0,1833.0,6334.0,2603.0,139.0,7993.0,3270.0,6140.0,4730.0,5330.0,17070.0,9250.0,430.0,19470.0,46220.0
2010,Bedok,4233.0,23792.0,21673.0,14003.0,15148.0,11765.0,611.0,63701.0,9240.0,66970.0,76230.0,51120.0,41910.0,45920.0,3140.0,203560.0,294520.0
2011,Bedok,4186.4,23393.6,21538.4,13922.4,15978.4,11872.0,548.8,63040.8,9320.0,65988.0,75458.0,50694.0,43266.0,45768.0,3080.0,201460.0,293566.0
2012,Bedok,4139.8,22995.2,21403.8,13841.8,16808.8,11979.0,486.6,62380.6,9400.0,65006.0,74686.0,50268.0,44622.0,45616.0,3020.0,199360.0,292612.0
2013,Bedok,4093.2,22596.8,21269.2,13761.2,17639.2,12086.0,424.4,61720.4,9480.0,64024.0,73914.0,49842.0,45978.0,45464.0,2960.0,197260.0,291658.0
2014,Bedok,4046.6,22198.4,21134.6,13680.6,18469.6,12193.0,362.2,61060.2,9560.0,63042.0,73142.0,49416.0,47334.0,45312.0,2900.0,195160.0,290704.0
2015,Bedok,4000.0,21800.0,21000.0,13600.0,19300.0,12300.0,300.0,60400.0,9640.0,62060.0,72370.0,48990.0,48690.0,45160.0,2840.0,193060.0,289750.0
2016,Bedok,4278.2,22020.6,21209.0,13725.2,19624.4,12149.0,343.8,61233.0,9638.0,60590.0,71158.0,48186.0,49922.0,44902.0,2802.0,189572.0,287198.0
2017,Bedok,4556.4,22241.2,21418.0,13850.4,19948.8,11998.0,387.6,62066.0,9636.0,59120.0,69946.0,47382.0,51154.0,44644.0,2764.0,186084.0,284646.0
2018,Bedok,4834.6,22461.8,21627.0,13975.6,20273.2,11847.0,431.4,62899.0,9634.0,57650.0,68734.0,46578.0,52386.0,44386.0,2726.0,182596.0,282094.0
2019,Bedok,5112.8,22682.4,21836.0,14100.8,20597.6,11696.0,475.2,63732.0,9632.0,56180.0,67522.0,45774.0,53618.0,44128.0,2688.0,179108.0,279542.0
2020,Bedok,5391.0,22903.0,22045.0,14226.0,20922.0,11545.0,519.0,64565.0,9630.0,54710.0,66310.0,44970.0,54850.0,43870.0,2650.0,175620.0,276990.0
2010,Outram,3391.0,2301.0,550.0,73.0,986.0,0.0,67.0,6334.0,6250.0,6350.0,3510.0,1230.0,1820.0,10.0,600.0,17430.0,19860.0
2011,Outram,3212.8,2360.8,780.0,238.4,948.8,0.0,53.6,6587.2,6296.0,6200.0,3878.0,1438.0,1820.0,8.0,594.0,17882.0,20304.0
2012,Outram,3034.6,2420.6,1010.0,403.8,911.6,0.0,40.2,6840.4,6342.0,6050.0,4246.0,1646.0,1820.0,6.0,588.0,18334.0,20748.0
2013,Outram,2856.4,2480.4,1240.0,569.2,874.4,0.0,26.799999999999997,7093.6,6388.0,5900.0,4614.0,1854.0,1820.0,4.0,582.0,18786.0,21192.0
2014,Outram,2678.2,2540.2,1470.0,734.6,837.2,0.0,13.399999999999999,7346.8,6434.0,5750.0,4982.0,2062.0,1820.0,2.0,576.0,19238.0,21636.0
2015,Outram,2500.0,2600.0,1700.0,900.0,800.0,0.0,0.0,7600.0,6480.0,5600.0,5350.0,2270.0,1820.0,0.0,570.0,19690.0,22080.0
2016,Outram,2577.8,2551.2,1707.0,845.0,724.0,0.0,5.4,7601.0,6242.0,5464.0,5232.0,2226.0,1624.0,2.0,550.0,19156.0,21332.0
2017,Outram,2655.6,2502.4,1714.0,790.0,648.0,0.0,10.8,7602.0,6004.0,5328.0,5114.0,2182.0,1428.0,4.0,530.0,18622.0,20584.0
2018,Outram,2733.4,2453.6,1721.0,735.0,572.0,0.0,16.200000000000003,7603.0,5766.0,5192.0,4996.0,2138.0,1232.0,6.0,510.0,18088.0,19836.0
2019,Outram,2811.2,2404.8,1728.0,680.0,496.0,0.0,21.6,7604.0,5528.0,5056.0,4878.0,2094.0,1036.0,8.0,490.0,17554.0,19088.0
2020,Outram,2889.0,2356.0,1735.0,625.0,420.0,0.0,27.0,7605.0,5290.0,4920.0,4760.0,2050.0,840.0,10.0,470.0,17020.0,18340.0
2010,Yishun,263.0,13846.0,25550.0,10596.0,1963.0,1221.0,137.0,50255.0,690.0,39380.0,92830.0,41190.0,5360.0,4970.0,800.0,174080.0,185210.0
2011,Yishun,650.4,13816.8,26400.0,10856.8,2330.4,1256.8,149.6,51704.0,1378.0,39496.0,94070.0,41684.0,6082.0,5034.0,830.0,176618.0,188562.0
2012,Yishun,1037.8,13787.6,27250.0,11117.6,2697.8,1292.6,162.2,53153.0,2066.0,39612.0,95310.0,42178.0,6804.0,5098.0,860.0,179156.0,191914.0
2013,Yishun,1425.1999999999998,13758.4,28100.0,11378.4,3065.2,1328.4,174.8,54602.0,2754.0,39728.0,96550.0,42672.0,7526.0,5162.0,890.0,181694.0,195266.0
2014,Yishun,1812.6,13729.2,28950.0,11639.2,3432.6,1364.2,187.4,56051.0,3442.0,39844.0,97790.0,43166.0,8248.0,5226.0,920.0,184232.0,198618.0
2015,Yishun,2200.0,13700.0,29800.0,11900.0,3800.0,1400.0,200.0,57500.0,4130.0,39960.0,99030.0,43660.0,8970.0,5290.0,950.0,186770.0,201970.0
2016,Yishun,2583.8,14266.2,30256.6,12328.0,4420.4,1419.2,206.4,59354.6,5086.0,40008.0,99172.0,44218.0,11110.0,5374.0,948.0,188476.0,205898.0
2017,Yishun,2967.6,14832.4,30713.2,12756.0,5040.8,1438.4,212.8,61209.2,6042.0,40056.0,99314.0,44776.0,13250.0,5458.0,946.0,190182.0,209826.0
2018,Yishun,3351.4,15398.6,31169.8,13184.0,5661.2,1457.6,219.2,63063.8,6998.0,40104.0,99456.0,45334.0,15390.0,5542.0,944.0,191888.0,213754.0
2019,Yishun,3735.2,15964.8,31626.4,13612.0,6281.6,1476.8,225.6,64918.4,7954.0,40152.0,99598.0,45892.0,17530.0,5626.0,942.0,193594.0,217682.0
2020,Yishun,4119.0,16531.0,32083.0,14040.0,6902.0,1496.0,232.0,66773.0,8910.0,40200.0,99740.0,46450.0,19670.0,5710.0,940.0,195300.0,221610.0
2010,Woodlands,1485.0,5918.0,29621.0,27756.0,3281.0,141.0,77.0,64780.0,3160.0,17590.0,106950.0,107070.0,8960.0,540.0,840.0,234770.0,245110.0
2011,Woodlands,1828.0,6114.4,29676.8,27604.8,3304.8,132.8,61.6,65224.0,3944.0,17880.0,106936.0,106770.0,9182.0,556.0,878.0,235530.0,246146.0
2012,Woodlands,2171.0,6310.8,29732.6,27453.6,3328.6,124.6,46.2,65668.0,4728.0,18170.0,106922.0,106470.0,9404.0,572.0,916.0,236290.0,247182.0
2013,Woodlands,2514.0,6507.2,29788.4,27302.4,3352.4,116.4,30.799999999999997,66112.0,5512.0,18460.0,106908.0,106170.0,9626.0,588.0,954.0,237050.0,248218.0
2014,Woodlands,2857.0,6703.6,29844.2,27151.2,3376.2,108.2,15.399999999999999,66556.0,6296.0,18750.0,106894.0,105870.0,9848.0,604.0,992.0,237810.0,249254.0
2015,Woodlands,3200.0,6900.0,29900.0,27000.0,3400.0,100.0,0.0,67000.0,7080.0,19040.0,106880.0,105570.0,10070.0,620.0,1030.0,238570.0,250290.0
2016,Woodlands,3619.8,6993.4,30315.6,27264.2,3838.4,122.8,13.6,68193.0,7806.0,19170.0,106296.0,104778.0,11536.0,636.0,1036.0,238050.0,251258.0
2017,Woodlands,4039.6,7086.8,30731.2,27528.4,4276.8,145.6,27.2,69386.0,8532.0,19300.0,105712.0,103986.0,13002.0,652.0,1042.0,237530.0,252226.0
2018,Woodlands,4459.4,7180.2,31146.8,27792.6,4715.2,168.4,40.8,70579.0,9258.0,19430.0,105128.0,103194.0,14468.0,668.0,1048.0,237010.0,253194.0
2019,Woodlands,4879.2,7273.6,31562.4,28056.8,5153.6,191.2,54.4,71772.0,9984.0,19560.0,104544.0,102402.0,15934.0,684.0,1054.0,236490.0,254162.0
2020,Woodlands,5299.0,7367.0,31978.0,28321.0,5592.0,214.0,68.0,72965.0,10710.0,19690.0,103960.0,101610.0,17400.0,700.0,1060.0,235970.0,255130.0
2010,Toa Payoh,5204.0,16377.0,9931.0,6598.0,1608.0,1756.0,285.0,39327.0,10850.0,41980.0,31900.0,23270.0,5190.0,5800.0,1870.0,111800.0,124650.0
2011,Toa Payoh,5143.2,16141.6,9944.8,6638.4,1906.4,1764.8,328.0,39001.6,10984.0,41244.0,31774.0,23618.0,5820.0,5814.0,1834.0,111248.0,124708.0
2012,Toa Payoh,5082.4,15906.2,9958.6,6678.8,2204.8,1773.6,371.0,38676.2,11118.0,40508.0,31648.0,23966.0,6450.0,5828.0,1798.0,110696.0,124766.0
2013,Toa Payoh,5021.6,15670.8,9972.4,6719.2,2503.2,1782.4,414.0,38350.8,11252.0,39772.0,31522.0,24314.0,7080.0,5842.0,1762.0,110144.0,124824.0
2014,Toa Payoh,4960.8,15435.4,9986.2,6759.6,2801.6,1791.2,457.0,38025.4,11386.0,39036.0,31396.0,24662.0,7710.0,5856.0,1726.0,109592.0,124882.0
2015,Toa Payoh,4900.0,15200.0,10000.0,6800.0,3100.0,1800.0,500.0,37700.0,11520.0,38300.0,31270.0,25010.0,8340.0,5870.0,1690.0,109040.0,124940.0
2016,Toa Payoh,4878.6,15363.8,10273.6,6858.4,3568.0,1794.2,479.4,38014.4,11136.0,37638.0,31424.0,24728.0,9588.0,5828.0,1626.0,107278.0,124322.0
2017,Toa Payoh,4857.2,15527.6,10547.2,6916.8,4036.0,1788.4,458.8,38328.8,10752.0,36976.0,31578.0,24446.0,10836.0,5786.0,1562.0,105516.0,123704.0
2018,Toa Payoh,4835.8,15691.4,10820.8,6975.2,4504.0,1782.6,438.2,38643.2,10368.0,36314.0,31732.0,24164.0,12084.0,5744.0,1498.0,103754.0,123086.0
2019,Toa Payoh,4814.4,15855.2,11094.4,7033.6,4972.0,1776.8,417.6,38957.6,9984.0,35652.0,31886.0,23882.0,13332.0,5702.0,1434.0,101992.0,122468.0
2020,Toa Payoh,4793.0,16019.0,11368.0,7092.0,5440.0,1771.0,397.0,39272.0,9600.0,34990.0,32040.0,23600.0,14580.0,5660.0,1370.0,100230.0,121850.0
2010,Tanglin,0.0,24.0,62.0,71.0,4498.0,840.0,92.0,157.0,0.0,40.0,250.0,280.0,12020.0,4340.0,360.0,580.0,17290.0
2011,Tanglin,0.0,19.2,49.6,76.8,4838.4,792.0,73.6,165.6,0.0,40.0,242.0,278.0,12420.0,4304.0,348.0,568.0,17632.0
2012,Tanglin,0.0,14.4,37.2,82.6,5178.8,744.0,55.2,174.2,0.0,40.0,234.0,276.0,12820.0,4268.0,336.0,556.0,17974.0
2013,Tanglin,0.0,9.600000000000001,24.799999999999997,88.4,5519.2,696.0,36.800000000000004,182.8,0.0,40.0,226.0,274.0,13220.0,4232.0,324.0,544.0,18316.0
2014,Tanglin,0.0,4.800000000000001,12.399999999999999,94.2,5859.6,648.0,18.400000000000006,191.4,0.0,40.0,218.0,272.0,13620.0,4196.0,312.0,532.0,18658.0
2015,Tanglin,0.0,0.0,0.0,100.0,6200.0,600.0,0.0,200.0,0.0,40.0,210.0,270.0,14020.0,4160.0,300.0,520.0,19000.0
2016,Tanglin,0.0,4.2,15.8,97.2,6258.6,726.8,5.0,197.4,0.0,38.0,206.0,266.0,14574.0,4198.0,278.0,510.0,19562.0
2017,Tanglin,0.0,8.4,31.6,94.4,6317.2,853.6,10.0,194.8,0.0,36.0,202.0,262.0,15128.0,4236.0,256.0,500.0,20124.0
2018,Tanglin,0.0,12.600000000000001,47.400000000000006,91.6,6375.8,980.4,15.0,192.2,0.0,34.0,198.0,258.0,15682.0,4274.0,234.0,490.0,20686.0
2019,Tanglin,0.0,16.8,63.2,88.8,6434.4,1107.2,20.0,189.6,0.0,32.0,194.0,254.0,16236.0,4312.0,212.0,480.0,21248.0
2020,Tanglin,0.0,21.0,79.0,86.0,6493.0,1234.0,25.0,187.0,0.0,30.0,190.0,250.0,16790.0,4350.0,190.0,470.0,21810.0
2010,Tampines,426.0,12921.0,29194.0,22957.0,6697.0,1216.0,180.0,65498.0,1020.0,36370.0,107810.0,90800.0,19730.0,4690.0,1330.0,236000.0,261740.0
2011,Tampines,840.8,13056.8,29235.2,23105.6,7157.6,1232.8,184.0,66258.4,1780.0,36154.0,106916.0,90320.0,20492.0,4678.0,1308.0,235170.0,261638.0
2012,Tampines,1255.6,13192.6,29276.4,23254.2,7618.2,1249.6,188.0,67018.8,2540.0,35938.0,106022.0,89840.0,21254.0,4666.0,1286.0,234340.0,261536.0
2013,Tampines,1670.4,13328.4,29317.6,23402.8,8078.8,1266.4,192.0,67779.2,3300.0,35722.0,105128.0,89360.0,22016.0,4654.0,1264.0,233510.0,261434.0
2014,Tampines,2085.2,13464.2,29358.8,23551.4,8539.4,1283.2,196.0,68539.6,4060.0,35506.0,104234.0,88880.0,22778.0,4642.0,1242.0,232680.0,261332.0
2015,Tampines,2500.0,13600.0,29400.0,23700.0,9000.0,1300.0,200.0,69300.0,4820.0,35290.0,103340.0,88400.0,23540.0,4630.0,1220.0,231850.0,261230.0
2016,Tampines,2643.0,13742.6,29756.4,23787.2,9108.6,1282.2,176.2,70009.2,5264.0,35100.0,102628.0,87764.0,24386.0,4600.0,1230.0,230754.0,260964.0
2017,Tampines,2786.0,13885.2,30112.8,23874.4,9217.2,1264.4,152.4,70718.4,5708.0,34910.0,101916.0,87128.0,25232.0,4570.0,1240.0,229658.0,260698.0
2018,Tampines,2929.0,14027.8,30469.2,23961.6,9325.8,1246.6,128.6,71427.6,6152.0,34720.0,101204.0,86492.0,26078.0,4540.0,1250.0,228562.0,260432.0
2019,Tampines,3072.0,14170.4,30825.6,24048.8,9434.4,1228.8,104.8,72136.8,6596.0,34530.0,100492.0,85856.0,26924.0,4510.0,1260.0,227466.0,260166.0
2020,Tampines,3215.0,14313.0,31182.0,24136.0,9543.0,1211.0,81.0,72846.0,7040.0,34340.0,99780.0,85220.0,27770.0,4480.0,1270.0,226370.0,259900.0
2010,Serangoon,176.0,4662.0,10974.0,6502.0,4290.0,9111.0,130.0,22455.0,340.0,12410.0,38110.0,24270.0,12860.0,34600.0,1240.0,76080.0,124780.0
2011,Serangoon,200.8,4669.6,10899.2,6541.6,4492.0,9488.8,164.0,22444.0,484.0,12156.0,37552.0,23994.0,13008.0,34786.0,1218.0,74948.0,123958.0
2012,Serangoon,225.6,4677.2,10824.4,6581.2,4694.0,9866.6,198.0,22433.0,628.0,11902.0,36994.0,23718.0,13156.0,34972.0,1196.0,73816.0,123136.0
2013,Serangoon,250.4,4684.8,10749.6,6620.8,4896.0,10244.4,232.0,22422.0,772.0,11648.0,36436.0,23442.0,13304.0,35158.0,1174.0,72684.0,122314.0
2014,Serangoon,275.2,4692.4,10674.8,6660.4,5098.0,10622.2,266.0,22411.0,916.0,11394.0,35878.0,23166.0,13452.0,35344.0,1152.0,71552.0,121492.0
2015,Serangoon,300.0,4700.0,10600.0,6700.0,5300.0,11000.0,300.0,22400.0,1060.0,11140.0,35320.0,22890.0,13600.0,35530.0,1130.0,70420.0,120670.0
2016,Serangoon,372.8,4635.2,10582.8,6666.2,5475.6,10749.0,255.6,22337.0,1152.0,10882.0,34558.0,22514.0,14142.0,35576.0,1090.0,69114.0,119916.0
2017,Serangoon,445.6,4570.4,10565.6,6632.4,5651.2,10498.0,211.2,22274.0,1244.0,10624.0,33796.0,22138.0,14684.0,35622.0,1050.0,67808.0,119162.0
2018,Serangoon,518.4,4505.6,10548.4,6598.6,5826.8,10247.0,166.8,22211.0,1336.0,10366.0,33034.0,21762.0,15226.0,35668.0,1010.0,66502.0,118408.0
2019,Serangoon,591.2,4440.8,10531.2,6564.8,6002.4,9996.0,122.4,22148.0,1428.0,10108.0,32272.0,21386.0,15768.0,35714.0,970.0,65196.0,117654.0
2020,Serangoon,664.0,4376.0,10514.0,6531.0,6178.0,9745.0,78.0,22085.0,1520.0,9850.0,31510.0,21010.0,16310.0,35760.0,930.0,63890.0,116900.0
2010,Sengkang,69.0,244.0,19796.0,25156.0,2106.0,416.0,0.0,45265.0,310.0,1190.0,67330.0,88020.0,8120.0,1580.0,490.0,156860.0,167050.0
2011,Sengkang,415.2,635.2,21436.8,25624.8,2584.8,432.8,0.0,48112.0,1334.0,2416.0,71632.0,88754.0,8764.0,1578.0,490.0,164144.0,174976.0
2012,Sengkang,761.4,1026.4,23077.6,26093.6,3063.6,449.6,0.0,50959.0,2358.0,3642.0,75934.0,89488.0,9408.0,1576.0,490.0,171428.0,182902.0
2013,Sengkang,1107.6,1417.6,24718.4,26562.4,3542.4,466.4,0.0,53806.0,3382.0,4868.0,80236.0,90222.0,10052.0,1574.0,490.0,178712.0,190828.0
2014,Sengkang,1453.8,1808.8,26359.2,27031.2,4021.2,483.2,0.0,56653.0,4406.0,6094.0,84538.0,90956.0,10696.0,1572.0,490.0,185996.0,198754.0
2015,Sengkang,1800.0,2200.0,28000.0,27500.0,4500.0,500.0,0.0,59500.0,5430.0,7320.0,88840.0,91690.0,11340.0,1570.0,490.0,193280.0,206680.0
2016,Sengkang,2230.0,2568.6,28701.4,27736.0,5764.6,474.4,0.0,61236.0,5974.0,8074.0,91032.0,92598.0,15428.0,1562.0,550.0,197680.0,215218.0
2017,Sengkang,2660.0,2937.2,29402.8,27972.0,7029.2,448.8,0.0,62972.0,6518.0,8828.0,93224.0,93506.0,19516.0,1554.0,610.0,202080.0,223756.0
2018,Sengkang,3090.0,3305.8,30104.2,28208.0,8293.8,423.2,0.0,64708.0,7062.0,9582.0,95416.0,94414.0,23604.0,1546.0,670.0,206480.0,232294.0
2019,Sengkang,3520.0,3674.4,30805.6,28444.0,9558.4,397.6,0.0,66444.0,7606.0,10336.0,97608.0,95322.0,27692.0,1538.0,730.0,210880.0,240832.0
2020,Sengkang,3950.0,4043.0,31507.0,28680.0,10823.0,372.0,0.0,68180.0,8150.0,11090.0,99800.0,96230.0,31780.0,1530.0,790.0,215280.0,249370.0
2010,Sembawang,0.0,0.0,8046.0,11248.0,579.0,702.0,37.0,19295.0,470.0,0.0,27900.0,39310.0,1440.0,3160.0,460.0,67680.0,72730.0
2011,Sembawang,100.0,60.0,8296.8,11178.4,663.2,781.6,29.6,19656.0,728.0,186.0,28150.0,39082.0,1586.0,3282.0,484.0,68146.0,73490.0
2012,Sembawang,200.0,120.0,8547.6,11108.8,747.4,861.2,22.2,20017.0,986.0,372.0,28400.0,38854.0,1732.0,3404.0,508.0,68612.0,74250.0
2013,Sembawang,300.0,180.0,8798.4,11039.2,831.6,940.8,14.799999999999999,20378.0,1244.0,558.0,28650.0,38626.0,1878.0,3526.0,532.0,69078.0,75010.0
2014,Sembawang,400.0,240.0,9049.2,10969.6,915.8,1020.4,7.399999999999999,20739.0,1502.0,744.0,28900.0,38398.0,2024.0,3648.0,556.0,69544.0,75770.0
2015,Sembawang,500.0,300.0,9300.0,10900.0,1000.0,1100.0,0.0,21100.0,1760.0,930.0,29150.0,38170.0,2170.0,3770.0,580.0,70010.0,76530.0
2016,Sembawang,1103.2,541.4,9821.6,11050.6,1501.8,1068.6,2.6,22596.8,2776.0,1642.0,30692.0,38314.0,3908.0,3792.0,628.0,73424.0,81752.0
2017,Sembawang,1706.4,782.8,10343.2,11201.2,2003.6,1037.2,5.2,24093.6,3792.0,2354.0,32234.0,38458.0,5646.0,3814.0,676.0,76838.0,86974.0
2018,Sembawang,2309.6000000000004,1024.2,10864.8,11351.8,2505.4,1005.8,7.800000000000001,25590.4,4808.0,3066.0,33776.0,38602.0,7384.0,3836.0,724.0,80252.0,92196.0
2019,Sembawang,2912.8,1265.6,11386.4,11502.4,3007.2,974.4,10.4,27087.2,5824.0,3778.0,35318.0,38746.0,9122.0,3858.0,772.0,83666.0,97418.0
2020,Sembawang,3516.0,1507.0,11908.0,11653.0,3509.0,943.0,13.0,28584.0,6840.0,4490.0,36860.0,38890.0,10860.0,3880.0,820.0,87080.0,102640.0
2010,Kallang,6430.0,10700.0,7512.0,4050.0,5527.0,708.0,547.0,28692.0,12170.0,29950.0,24540.0,14310.0,15020.0,1640.0,1930.0,80960.0,99560.0
2011,Kallang,6284.0,10540.0,7609.6,4140.0,5981.6,606.4,517.6,28573.6,12268.0,29510.0,24698.0,14566.0,15364.0,1612.0,1874.0,81034.0,99890.0
2012,Kallang,6138.0,10380.0,7707.2,4230.0,6436.2,504.8,488.2,28455.2,12366.0,29070.0,24856.0,14822.0,15708.0,1584.0,1818.0,81108.0,100220.0
2013,Kallang,5992.0,10220.0,7804.8,4320.0,6890.8,403.20000000000005,458.8,28336.8,12464.0,28630.0,25014.0,15078.0,16052.0,1556.0,1762.0,81182.0,100550.0
2014,Kallang,5846.0,10060.0,7902.4,4410.0,7345.4,301.6,429.4,28218.4,12562.0,28190.0,25172.0,15334.0,16396.0,1528.0,1706.0,81256.0,100880.0
2015,Kallang,5700.0,9900.0,8000.0,4500.0,7800.0,200.0,400.0,28100.0,12660.0,27750.0,25330.0,15590.0,16740.0,1500.0,1650.0,81330.0,101210.0
2016,Kallang,5941.4,10108.0,8334.8,4547.2,7781.8,261.8,391.4,28931.4,12402.0,27286.0,25842.0,15370.0,17210.0,1476.0,1648.0,80900.0,101226.0
2017,Kallang,6182.8,10316.0,8669.6,4594.4,7763.6,323.6,382.8,29762.8,12144.0,26822.0,26354.0,15150.0,17680.0,1452.0,1646.0,80470.0,101242.0
2018,Kallang,6424.2,10524.0,9004.4,4641.6,7745.4,385.4,374.2,30594.2,11886.0,26358.0,26866.0,14930.0,18150.0,1428.0,1644.0,80040.0,101258.0
2019,Kallang,6665.6,10732.0,9339.2,4688.8,7727.2,447.2,365.6,31425.6,11628.0,25894.0,27378.0,14710.0,18620.0,1404.0,1642.0,79610.0,101274.0
2020,Kallang,6907.0,10940.0,9674.0,4736.0,7709.0,509.0,357.0,32257.0,11370.0,25430.0,27890.0,14490.0,19090.0,1380.0,1640.0,79180.0,101290.0
2010,Hougang,335.0,9864.0,25241.0,15488.0,4768.0,5486.0,357.0,51674.0,790.0,26850.0,89770.0,57000.0,14120.0,21870.0,3940.0,176770.0,216700.0
2011,Hougang,568.0,9811.2,25252.8,15190.4,5354.4,5608.8,305.6,51419.2,1484.0,26826.0,89314.0,56690.0,15622.0,22018.0,3984.0,176202.0,217822.0
2012,Hougang,801.0,9758.4,25264.6,14892.8,5940.8,5731.6,254.2,51164.4,2178.0,26802.0,88858.0,56380.0,17124.0,22166.0,4028.0,175634.0,218944.0
2013,Hougang,1034.0,9705.6,25276.4,14595.2,6527.2,5854.4,202.8,50909.6,2872.0,26778.0,88402.0,56070.0,18626.0,22314.0,4072.0,175066.0,220066.0
2014,Hougang,1267.0,9652.8,25288.2,14297.6,7113.6,5977.2,151.4,50654.8,3566.0,26754.0,87946.0,55760.0,20128.0,22462.0,4116.0,174498.0,221188.0
2015,Hougang,1500.0,9600.0,25300.0,14000.0,7700.0,6100.0,100.0,50400.0,4260.0,26730.0,87490.0,55450.0,21630.0,22610.0,4160.0,173930.0,222310.0
2016,Hougang,1826.4,9871.6,25832.6,14385.2,8339.8,6094.6,111.6,51915.8,4608.0,26670.0,87120.0,54964.0,23292.0,22538.0,4184.0,173362.0,223360.0
2017,Hougang,2152.8,10143.2,26365.2,14770.4,8979.6,6089.2,123.2,53431.6,4956.0,26610.0,86750.0,54478.0,24954.0,22466.0,4208.0,172794.0,224410.0
2018,Hougang,2479.2,10414.8,26897.8,15155.6,9619.4,6083.8,134.8,54947.4,5304.0,26550.0,86380.0,53992.0,26616.0,22394.0,4232.0,172226.0,225460.0
2019,Hougang,2805.6,10686.4,27430.4,15540.8,10259.2,6078.4,146.4,56463.2,5652.0,26490.0,86010.0,53506.0,28278.0,22322.0,4256.0,171658.0,226510.0
2020,Hougang,3132.0,10958.0,27963.0,15926.0,10899.0,6073.0,158.0,57979.0,6000.0,26430.0,85640.0,53020.0,29940.0,22250.0,4280.0,171090.0,227560.0
2010,Jurong East,168.0,7319.0,8026.0,8303.0,2346.0,0.0,130.0,23816.0,190.0,21030.0,28360.0,30760.0,7430.0,0.0,340.0,80340.0,88120.0
2011,Jurong East,334.4,7095.2,8020.8,8162.4,2376.8,0.0,124.0,23632.8,576.0,20524.0,28304.0,30398.0,7330.0,0.0,352.0,79802.0,87492.0
2012,Jurong East,500.8,6871.4,8015.6,8021.8,2407.6,0.0,118.0,23449.6,962.0,20018.0,28248.0,30036.0,7230.0,0.0,364.0,79264.0,86864.0
2013,Jurong East,667.2,6647.6,8010.4,7881.2,2438.4,0.0,112.0,23266.4,1348.0,19512.0,28192.0,29674.0,7130.0,0.0,376.0,78726.0,86236.0
2014,Jurong East,833.6,6423.8,8005.2,7740.6,2469.2,0.0,106.0,23083.2,1734.0,19006.0,28136.0,29312.0,7030.0,0.0,388.0,78188.0,85608.0
2015,Jurong East,1000.0,6200.0,8000.0,7600.0,2500.0,0.0,100.0,22900.0,2120.0,18500.0,28080.0,28950.0,6930.0,0.0,400.0,77650.0,84980.0
2016,Jurong East,1018.0,6392.4,8091.0,7668.4,2495.4,0.0,97.2,23249.8,2136.0,18302.0,27552.0,28318.0,6926.0,0.0,470.0,76308.0,83704.0
2017,Jurong East,1036.0,6584.8,8182.0,7736.8,2490.8,0.0,94.4,23599.6,2152.0,18104.0,27024.0,27686.0,6922.0,0.0,540.0,74966.0,82428.0
2018,Jurong East,1054.0,6777.2,8273.0,7805.2,2486.2,0.0,91.6,23949.4,2168.0,17906.0,26496.0,27054.0,6918.0,0.0,610.0,73624.0,81152.0
2019,Jurong East,1072.0,6969.6,8364.0,7873.6,2481.6,0.0,88.8,24299.2,2184.0,17708.0,25968.0,26422.0,6914.0,0.0,680.0,72282.0,79876.0
2020,Jurong East,1090.0,7162.0,8455.0,7942.0,2477.0,0.0,86.0,24649.0,2200.0,17510.0,25440.0,25790.0,6910.0,0.0,750.0,70940.0,78600.0
2010,Geylang,4313.0,12470.0,9608.0,4756.0,6038.0,2135.0,577.0,31535.0,9590.0,34440.0,34100.0,17300.0,14730.0,7030.0,2140.0,96790.0,120690.0
2011,Geylang,4350.4,12076.0,9646.4,4724.8,6090.4,1968.0,541.6,31108.0,9730.0,33734.0,33756.0,17160.0,15372.0,6944.0,2160.0,95470.0,119944.0
2012,Geylang,4387.8,11682.0,9684.8,4693.6,6142.8,1801.0,506.2,30681.0,9870.0,33028.0,33412.0,17020.0,16014.0,6858.0,2180.0,94150.0,119198.0
2013,Geylang,4425.2,11288.0,9723.2,4662.4,6195.2,1634.0,470.8,30254.0,10010.0,32322.0,33068.0,16880.0,16656.0,6772.0,2200.0,92830.0,118452.0
2014,Geylang,4462.6,10894.0,9761.6,4631.2,6247.6,1467.0,435.4,29827.0,10150.0,31616.0,32724.0,16740.0,17298.0,6686.0,2220.0,91510.0,117706.0
2015,Geylang,4500.0,10500.0,9800.0,4600.0,6300.0,1300.0,400.0,29400.0,10290.0,30910.0,32380.0,16600.0,17940.0,6600.0,2240.0,90190.0,116960.0
2016,Geylang,4434.8,10741.6,9924.8,4613.0,6816.0,1412.8,388.8,29714.2,9926.0,30192.0,32146.0,16306.0,18280.0,6554.0,2186.0,88578.0,115590.0
2017,Geylang,4369.6,10983.2,10049.6,4626.0,7332.0,1525.6,377.6,30028.4,9562.0,29474.0,31912.0,16012.0,18620.0,6508.0,2132.0,86966.0,114220.0
2018,Geylang,4304.4,11224.8,10174.4,4639.0,7848.0,1638.4,366.4,30342.6,9198.0,28756.0,31678.0,15718.0,18960.0,6462.0,2078.0,85354.0,112850.0
2019,Geylang,4239.2,11466.4,10299.2,4652.0,8364.0,1751.2,355.2,30656.8,8834.0,28038.0,31444.0,15424.0,19300.0,6416.0,2024.0,83742.0,111480.0
2020,Geylang,4174.0,11708.0,10424.0,4665.0,8880.0,1864.0,344.0,30971.0,8470.0,27320.0,31210.0,15130.0,19640.0,6370.0,1970.0,82130.0,110110.0
2010,Bishan,444.0,2371.0,9920.0,7510.0,3570.0,3162.0,53.0,20673.0,790.0,5920.0,33140.0,27380.0,11240.0,11040.0,490.0,68530.0,91300.0
2011,Bishan,455.2,2296.8,9896.0,7468.0,3836.0,3169.6,62.4,20478.4,866.0,5822.0,32808.0,27314.0,11834.0,10986.0,508.0,67850.0,91180.0
2012,Bishan,466.4,2222.6,9872.0,7426.0,4102.0,3177.2,71.8,20283.8,942.0,5724.0,32476.0,27248.0,12428.0,10932.0,526.0,67170.0,91060.0
2013,Bishan,477.6,2148.4,9848.0,7384.0,4368.0,3184.8,81.2,20089.2,1018.0,5626.0,32144.0,27182.0,13022.0,10878.0,544.0,66490.0,90940.0
2014,Bishan,488.8,2074.2,9824.0,7342.0,4634.0,3192.4,90.6,19894.6,1094.0,5528.0,31812.0,27116.0,13616.0,10824.0,562.0,65810.0,90820.0
2015,Bishan,500.0,2000.0,9800.0,7300.0,4900.0,3200.0,100.0,19700.0,1170.0,5430.0,31480.0,27050.0,14210.0,10770.0,580.0,65130.0,90700.0
2016,Bishan,521.0,2066.8,9816.4,7385.4,5077.2,3168.0,94.4,19869.4,1164.0,5328.0,30816.0,26666.0,14744.0,10694.0,604.0,63974.0,90024.0
2017,Bishan,542.0,2133.6,9832.8,7470.8,5254.4,3136.0,88.8,20038.8,1158.0,5226.0,30152.0,26282.0,15278.0,10618.0,628.0,62818.0,89348.0
2018,Bishan,563.0,2200.4,9849.2,7556.2,5431.6,3104.0,83.2,20208.2,1152.0,5124.0,29488.0,25898.0,15812.0,10542.0,652.0,61662.0,88672.0
2019,Bishan,584.0,2267.2,9865.6,7641.6,5608.8,3072.0,77.6,20377.6,1146.0,5022.0,28824.0,25514.0,16346.0,10466.0,676.0,60506.0,87996.0
2020,Bishan,605.0,2334.0,9882.0,7727.0,5786.0,3040.0,72.0,20547.0,1140.0,4920.0,28160.0,25130.0,16880.0,10390.0,700.0,59350.0,87320.0
2010,Bukit Merah,11319.0,16773.0,14787.0,9534.0,2709.0,160.0,344.0,52413.0,23560.0,46400.0,45530.0,32240.0,6640.0,460.0,2310.0,147730.0,157120.0
2011,Bukit Merah,11455.2,16598.4,14689.6,9447.2,2887.2,148.0,315.2,52190.4,24006.0,45162.0,45780.0,32148.0,7132.0,472.0,2182.0,147094.0,156864.0
2012,Bukit Merah,11591.4,16423.8,14592.2,9360.4,3065.4,136.0,286.4,51967.8,24452.0,43924.0,46030.0,32056.0,7624.0,484.0,2054.0,146458.0,156608.0
2013,Bukit Merah,11727.6,16249.2,14494.8,9273.6,3243.6,124.0,257.6,51745.2,24898.0,42686.0,46280.0,31964.0,8116.0,496.0,1926.0,145822.0,156352.0
2014,Bukit Merah,11863.8,16074.6,14397.4,9186.8,3421.8,112.0,228.8,51522.6,25344.0,41448.0,46530.0,31872.0,8608.0,508.0,1798.0,145186.0,156096.0
2015,Bukit Merah,12000.0,15900.0,14300.0,9100.0,3600.0,100.0,200.0,51300.0,25790.0,40210.0,46780.0,31780.0,9100.0,520.0,1670.0,144550.0,155840.0
2016,Bukit Merah,11799.0,15861.6,14916.4,9238.0,3965.8,118.0,201.4,51815.0,24942.0,39218.0,47066.0,31432.0,10112.0,508.0,1656.0,142650.0,154922.0
2017,Bukit Merah,11598.0,15823.2,15532.8,9376.0,4331.6,136.0,202.8,52330.0,24094.0,38226.0,47352.0,31084.0,11124.0,496.0,1642.0,140750.0,154004.0
2018,Bukit Merah,11397.0,15784.8,16149.2,9514.0,4697.4,154.0,204.2,52845.0,23246.0,37234.0,47638.0,30736.0,12136.0,484.0,1628.0,138850.0,153086.0
2019,Bukit Merah,11196.0,15746.4,16765.6,9652.0,5063.2,172.0,205.6,53360.0,22398.0,36242.0,47924.0,30388.0,13148.0,472.0,1614.0,136950.0,152168.0
2020,Bukit Merah,10995.0,15708.0,17382.0,9790.0,5429.0,190.0,207.0,53875.0,21550.0,35250.0,48210.0,30040.0,14160.0,460.0,1600.0,135050.0,151250.0
2010,Choa Chu Kang,299.0,1328.0,21557.0,19823.0,4277.0,628.0,0.0,43007.0,990.0,4200.0,77400.0,74230.0,13560.0,2470.0,450.0,156810.0,173290.0
2011,Choa Chu Kang,559.2,1382.4,21445.6,19698.4,4421.6,682.4,20.0,43085.6,1560.0,4420.0,76914.0,73736.0,13948.0,2486.0,444.0,156622.0,173498.0
2012,Choa Chu Kang,819.4,1436.8,21334.2,19573.8,4566.2,736.8,40.0,43164.2,2130.0,4640.0,76428.0,73242.0,14336.0,2502.0,438.0,156434.0,173706.0
2013,Choa Chu Kang,1079.6,1491.2,21222.8,19449.2,4710.8,791.2,60.0,43242.8,2700.0,4860.0,75942.0,72748.0,14724.0,2518.0,432.0,156246.0,173914.0
2014,Choa Chu Kang,1339.8,1545.6,21111.4,19324.6,4855.4,845.6,80.0,43321.4,3270.0,5080.0,75456.0,72254.0,15112.0,2534.0,426.0,156058.0,174122.0
2015,Choa Chu Kang,1600.0,1600.0,21000.0,19200.0,5000.0,900.0,100.0,43400.0,3840.0,5300.0,74970.0,71760.0,15500.0,2550.0,420.0,155870.0,174330.0
2016,Choa Chu Kang,1697.6,1777.4,21640.4,19608.2,5479.0,841.2,81.0,44723.6,4052.0,5636.0,75892.0,72260.0,17074.0,2522.0,450.0,157838.0,177878.0
2017,Choa Chu Kang,1795.2,1954.8,22280.8,20016.4,5958.0,782.4,62.0,46047.2,4264.0,5972.0,76814.0,72760.0,18648.0,2494.0,480.0,159806.0,181426.0
2018,Choa Chu Kang,1892.8,2132.2,22921.2,20424.6,6437.0,723.6,43.0,47370.8,4476.0,6308.0,77736.0,73260.0,20222.0,2466.0,510.0,161774.0,184974.0
2019,Choa Chu Kang,1990.4,2309.6,23561.6,20832.8,6916.0,664.8,24.0,48694.4,4688.0,6644.0,78658.0,73760.0,21796.0,2438.0,540.0,163742.0,188522.0
2020,Choa Chu Kang,2088.0,2487.0,24202.0,21241.0,7395.0,606.0,5.0,50018.0,4900.0,6980.0,79580.0,74260.0,23370.0,2410.0,570.0,165710.0,192070.0
2010,Bukit Panjang,0.0,2809.0,14982.0,13621.0,4171.0,755.0,0.0,31413.0,0.0,7890.0,54400.0,50610.0,12600.0,2990.0,250.0,112900.0,128730.0
2011,Bukit Panjang,180.0,2947.2,15105.6,13756.8,4456.8,864.0,0.0,31990.4,450.0,8284.0,55038.0,50548.0,13202.0,3036.0,240.0,114320.0,130790.0
2012,Bukit Panjang,360.0,3085.4,15229.2,13892.6,4742.6,973.0,0.0,32567.8,900.0,8678.0,55676.0,50486.0,13804.0,3082.0,230.0,115740.0,132850.0
2013,Bukit Panjang,540.0,3223.6,15352.8,14028.4,5028.4,1082.0,0.0,33145.2,1350.0,9072.0,56314.0,50424.0,14406.0,3128.0,220.0,117160.0,134910.0
2014,Bukit Panjang,720.0,3361.8,15476.4,14164.2,5314.2,1191.0,0.0,33722.6,1800.0,9466.0,56952.0,50362.0,15008.0,3174.0,210.0,118580.0,136970.0
2015,Bukit Panjang,900.0,3500.0,15600.0,14300.0,5600.0,1300.0,0.0,34300.0,2250.0,9860.0,57590.0,50300.0,15610.0,3220.0,200.0,120000.0,139030.0
2016,Bukit Panjang,966.8,3527.6,15908.8,14260.8,5808.6,1203.4,0.0,34664.0,2280.0,9856.0,57134.0,49898.0,16298.0,3214.0,198.0,119168.0,138878.0
2017,Bukit Panjang,1033.6,3555.2,16217.6,14221.6,6017.2,1106.8,0.0,35028.0,2310.0,9852.0,56678.0,49496.0,16986.0,3208.0,196.0,118336.0,138726.0
2018,Bukit Panjang,1100.4,3582.8,16526.4,14182.4,6225.8,1010.2,0.0,35392.0,2340.0,9848.0,56222.0,49094.0,17674.0,3202.0,194.0,117504.0,138574.0
2019,Bukit Panjang,1167.2,3610.4,16835.2,14143.2,6434.4,913.6,0.0,35756.0,2370.0,9844.0,55766.0,48692.0,18362.0,3196.0,192.0,116672.0,138422.0
2020,Bukit Panjang,1234.0,3638.0,17144.0,14104.0,6643.0,817.0,0.0,36120.0,2400.0,9840.0,55310.0,48290.0,19050.0,3190.0,190.0,115840.0,138270.0
2010,Bukit Batok,27.0,10970.0,15245.0,8172.0,8447.0,1164.0,108.0,34413.0,120.0,30580.0,53470.0,30200.0,24630.0,4480.0,740.0,114360.0,144200.0
2011,Bukit Batok,161.6,10736.0,15196.0,8137.6,8537.6,1231.2,126.4,34230.4,354.0,30070.0,52812.0,29908.0,24618.0,4708.0,760.0,113136.0,143214.0
2012,Bukit Batok,296.2,10502.0,15147.0,8103.2,8628.2,1298.4,144.8,34047.8,588.0,29560.0,52154.0,29616.0,24606.0,4936.0,780.0,111912.0,142228.0
2013,Bukit Batok,430.79999999999995,10268.0,15098.0,8068.8,8718.8,1365.6,163.2,33865.2,822.0,29050.0,51496.0,29324.0,24594.0,5164.0,800.0,110688.0,141242.0
2014,Bukit Batok,565.4,10034.0,15049.0,8034.4,8809.4,1432.8,181.6,33682.6,1056.0,28540.0,50838.0,29032.0,24582.0,5392.0,820.0,109464.0,140256.0
2015,Bukit Batok,700.0,9800.0,15000.0,8000.0,8900.0,1500.0,200.0,33500.0,1290.0,28030.0,50180.0,28740.0,24570.0,5620.0,840.0,108240.0,139270.0
2016,Bukit Batok,1227.0,10143.4,15685.0,8421.8,8987.6,1493.2,181.2,35477.4,2242.0,28084.0,51362.0,29854.0,24956.0,5648.0,878.0,111542.0,143022.0
2017,Bukit Batok,1754.0,10486.8,16370.0,8843.6,9075.2,1486.4,162.4,37454.8,3194.0,28138.0,52544.0,30968.0,25342.0,5676.0,916.0,114844.0,146774.0
2018,Bukit Batok,2281.0,10830.2,17055.0,9265.4,9162.8,1479.6,143.6,39432.2,4146.0,28192.0,53726.0,32082.0,25728.0,5704.0,954.0,118146.0,150526.0
2019,Bukit Batok,2808.0,11173.6,17740.0,9687.2,9250.4,1472.8,124.8,41409.6,5098.0,28246.0,54908.0,33196.0,26114.0,5732.0,992.0,121448.0,154278.0
2020,Bukit Batok,3335.0,11517.0,18425.0,10109.0,9338.0,1466.0,106.0,43387.0,6050.0,28300.0,56090.0,34310.0,26500.0,5760.0,1030.0,124750.0,158030.0
2010,Queenstown,3821.0,15117.0,6515.0,3799.0,3974.0,1005.0,133.0,29252.0,8300.0,40700.0,20660.0,13350.0,10330.0,3700.0,1470.0,83000.0,98500.0
2011,Queenstown,3776.8,14973.6,6792.0,3839.2,4079.2,1024.0,126.4,29381.6,8454.0,39398.0,21386.0,13544.0,10492.0,3708.0,1436.0,82774.0,98410.0
2012,Queenstown,3732.6,14830.2,7069.0,3879.4,4184.4,1043.0,119.8,29511.2,8608.0,38096.0,22112.0,13738.0,10654.0,3716.0,1402.0,82548.0,98320.0
2013,Queenstown,3688.4,14686.8,7346.0,3919.6,4289.6,1062.0,113.2,29640.8,8762.0,36794.0,22838.0,13932.0,10816.0,3724.0,1368.0,82322.0,98230.0
2014,Queenstown,3644.2,14543.4,7623.0,3959.8,4394.8,1081.0,106.6,29770.4,8916.0,35492.0,23564.0,14126.0,10978.0,3732.0,1334.0,82096.0,98140.0
2015,Queenstown,3600.0,14400.0,7900.0,4000.0,4500.0,1100.0,100.0,29900.0,9070.0,34190.0,24290.0,14320.0,11140.0,3740.0,1300.0,81870.0,98050.0
2016,Queenstown,3642.8,14252.2,8204.8,4072.0,4535.2,1086.4,97.2,30171.8,8790.0,33300.0,24946.0,14268.0,11294.0,3700.0,1332.0,81304.0,97626.0
2017,Queenstown,3685.6,14104.4,8509.6,4144.0,4570.4,1072.8,94.4,30443.6,8510.0,32410.0,25602.0,14216.0,11448.0,3660.0,1364.0,80738.0,97202.0
2018,Queenstown,3728.4,13956.6,8814.4,4216.0,4605.6,1059.2,91.6,30715.4,8230.0,31520.0,26258.0,14164.0,11602.0,3620.0,1396.0,80172.0,96778.0
2019,Queenstown,3771.2,13808.8,9119.2,4288.0,4640.8,1045.6,88.8,30987.2,7950.0,30630.0,26914.0,14112.0,11756.0,3580.0,1428.0,79606.0,96354.0
2020,Queenstown,3814.0,13661.0,9424.0,4360.0,4676.0,1032.0,86.0,31259.0,7670.0,29740.0,27570.0,14060.0,11910.0,3540.0,1460.0,79040.0,95930.0
2010,Jurong West,1289.0,11784.0,30448.0,29644.0,3820.0,1022.0,75.0,73167.0,3480.0,33780.0,108070.0,105910.0,11600.0,4100.0,580.0,251250.0,267520.0
2011,Jurong West,1611.2,11927.2,30578.4,29555.2,4036.0,1017.6,60.0,73673.6,4206.0,34174.0,107750.0,105992.0,11734.0,4160.0,534.0,252130.0,268548.0
2012,Jurong West,1933.4,12070.4,30708.8,29466.4,4252.0,1013.2,45.0,74180.2,4932.0,34568.0,107430.0,106074.0,11868.0,4220.0,488.0,253010.0,269576.0
2013,Jurong West,2255.6,12213.6,30839.2,29377.6,4468.0,1008.8,30.0,74686.8,5658.0,34962.0,107110.0,106156.0,12002.0,4280.0,442.0,253890.0,270604.0
2014,Jurong West,2577.8,12356.8,30969.6,29288.8,4684.0,1004.4,15.0,75193.4,6384.0,35356.0,106790.0,106238.0,12136.0,4340.0,396.0,254770.0,271632.0
2015,Jurong West,2900.0,12500.0,31100.0,29200.0,4900.0,1000.0,0.0,75700.0,7110.0,35750.0,106470.0,106320.0,12270.0,4400.0,350.0,255650.0,272660.0
2016,Jurong West,3060.0,12563.0,31160.8,29209.4,5046.4,1003.8,12.2,75993.2,7332.0,35106.0,105102.0,105040.0,13294.0,4374.0,436.0,252580.0,270674.0
2017,Jurong West,3220.0,12626.0,31221.6,29218.8,5192.8,1007.6,24.4,76286.4,7554.0,34462.0,103734.0,103760.0,14318.0,4348.0,522.0,249510.0,268688.0
2018,Jurong West,3380.0,12689.0,31282.4,29228.2,5339.2,1011.4,36.599999999999994,76579.6,7776.0,33818.0,102366.0,102480.0,15342.0,4322.0,608.0,246440.0,266702.0
2019,Jurong West,3540.0,12752.0,31343.2,29237.6,5485.6,1015.2,48.8,76872.8,7998.0,33174.0,100998.0,101200.0,16366.0,4296.0,694.0,243370.0,264716.0
2020,Jurong West,3700.0,12815.0,31404.0,29247.0,5632.0,1019.0,61.0,77166.0,8220.0,32530.0,99630.0,99920.0,17390.0,4270.0,780.0,240300.0,262730.0
2010,Clementi,952.0,12609.0,8070.0,3272.0,4047.0,1673.0,169.0,24903.0,2060.0,33230.0,26400.0,11410.0,11250.0,5930.0,1600.0,73090.0,91870.0
2011,Clementi,1001.6,12187.2,8156.0,3217.6,4257.6,1658.4,175.2,24562.4,2196.0,32378.0,26426.0,11564.0,11806.0,5904.0,1558.0,72556.0,91822.0
2012,Clementi,1051.2,11765.4,8242.0,3163.2,4468.2,1643.8,181.4,24221.8,2332.0,31526.0,26452.0,11718.0,12362.0,5878.0,1516.0,72022.0,91774.0
2013,Clementi,1100.8,11343.6,8328.0,3108.8,4678.8,1629.2,187.6,23881.2,2468.0,30674.0,26478.0,11872.0,12918.0,5852.0,1474.0,71488.0,91726.0
2014,Clementi,1150.4,10921.8,8414.0,3054.4,4889.4,1614.6,193.8,23540.6,2604.0,29822.0,26504.0,12026.0,13474.0,5826.0,1432.0,70954.0,91678.0
2015,Clementi,1200.0,10500.0,8500.0,3000.0,5100.0,1600.0,200.0,23200.0,2740.0,28970.0,26530.0,12180.0,14030.0,5800.0,1390.0,70420.0,91630.0
2016,Clementi,1183.4,10692.2,8659.6,3188.6,5277.6,1602.8,197.2,23724.0,2690.0,28352.0,26510.0,12266.0,14752.0,5786.0,1354.0,69818.0,91702.0
2017,Clementi,1166.8,10884.4,8819.2,3377.2,5455.2,1605.6,194.4,24248.0,2640.0,27734.0,26490.0,12352.0,15474.0,5772.0,1318.0,69216.0,91774.0
2018,Clementi,1150.2,11076.6,8978.8,3565.8,5632.8,1608.4,191.6,24772.0,2590.0,27116.0,26470.0,12438.0,16196.0,5758.0,1282.0,68614.0,91846.0
2019,Clementi,1133.6,11268.8,9138.4,3754.4,5810.4,1611.2,188.8,25296.0,2540.0,26498.0,26450.0,12524.0,16918.0,5744.0,1246.0,68012.0,91918.0
2020,Clementi,1117.0,11461.0,9298.0,3943.0,5988.0,1614.0,186.0,25820.0,2490.0,25880.0,26430.0,12610.0,17640.0,5730.0,1210.0,67410.0,91990.0
2010,Bukit Timah,0.0,413.0,835.0,1046.0,10163.0,8081.0,120.0,2294.0,0.0,1210.0,3030.0,3870.0,28780.0,32270.0,1140.0,8130.0,70310.0
2011,Bukit Timah,0.0,430.4,848.0,1016.8,10510.4,8344.8,156.0,2295.2,0.0,1184.0,2988.0,3826.0,29808.0,32224.0,1102.0,8014.0,71142.0
2012,Bukit Timah,0.0,447.8,861.0,987.6,10857.8,8608.6,192.0,2296.4,0.0,1158.0,2946.0,3782.0,30836.0,32178.0,1064.0,7898.0,71974.0
2013,Bukit Timah,0.0,465.2,874.0,958.4,11205.2,8872.4,228.0,2297.6,0.0,1132.0,2904.0,3738.0,31864.0,32132.0,1026.0,7782.0,72806.0
2014,Bukit Timah,0.0,482.6,887.0,929.2,11552.6,9136.2,264.0,2298.8,0.0,1106.0,2862.0,3694.0,32892.0,32086.0,988.0,7666.0,73638.0
2015,Bukit Timah,0.0,500.0,900.0,900.0,11900.0,9400.0,300.0,2300.0,0.0,1080.0,2820.0,3650.0,33920.0,32040.0,950.0,7550.0,74470.0
2016,Bukit Timah,29.4,493.8,890.0,925.4,12085.4,9352.6,265.8,2338.6,38.0,1044.0,2758.0,3606.0,34556.0,32190.0,948.0,7446.0,75148.0
2017,Bukit Timah,58.8,487.6,880.0,950.8,12270.8,9305.2,231.6,2377.2,76.0,1008.0,2696.0,3562.0,35192.0,32340.0,946.0,7342.0,75826.0
2018,Bukit Timah,88.19999999999999,481.4,870.0,976.2,12456.2,9257.8,197.39999999999998,2415.8,114.0,972.0,2634.0,3518.0,35828.0,32490.0,944.0,7238.0,76504.0
2019,Bukit Timah,117.6,475.2,860.0,1001.6,12641.6,9210.4,163.2,2454.4,152.0,936.0,2572.0,3474.0,36464.0,32640.0,942.0,7134.0,77182.0
2020,Bukit Timah,147.0,469.0,850.0,1027.0,12827.0,9163.0,129.0,2493.0,190.0,900.0,2510.0,3430.0,37100.0,32790.0,940.0,7030.0,77860.0
2010,Downtown Core,0.0,577.0,283.0,21.0,542.0,0.0,6.0,881.0,0.0,1430.0,1130.0,30.0,600.0,0.0,530.0,2580.0,3720.0
2011,Downtown Core,0.0,519.3,277.6,18.9,616.0,0.0,9.0,815.8,0.0,1382.0,1106.0,28.0,690.0,0.0,514.0,2508.0,3720.0
2012,Downtown Core,0.0,461.6,272.2,16.8,690.0,0.0,12.0,750.6,0.0,1334.0,1082.0,26.0,780.0,0.0,498.0,2436.0,3720.0
2013,Downtown Core,0.0,403.9,266.8,14.7,764.0,0.0,15.0,685.4,0.0,1286.0,1058.0,24.0,870.0,0.0,482.0,2364.0,3720.0
2014,Downtown Core,0.0,346.2,261.4,12.6,838.0,0.0,18.0,620.2,0.0,1238.0,1034.0,22.0,960.0,0.0,466.0,2292.0,3720.0
2015,Downtown Core,0.0,288.5,256.0,10.5,912.0,0.0,21.0,555.0,0.0,1190.0,1010.0,20.0,1050.0,0.0,450.0,2220.0,3720.0
2016,Downtown Core,0.0,230.79999999999998,250.6,8.399999999999999,986.0,0.0,24.0,489.79999999999995,0.0,952.0,930.0,16.0,1298.0,0.0,418.0,1898.0,3614.0
2017,Downtown Core,0.0,173.09999999999997,245.2,6.299999999999999,1060.0,0.0,27.0,424.59999999999997,0.0,714.0,850.0,12.0,1546.0,0.0,386.0,1576.0,3508.0
2018,Downtown Core,0.0,115.39999999999998,239.8,4.199999999999999,1134.0,0.0,30.0,359.4,0.0,476.0,770.0,8.0,1794.0,0.0,354.0,1254.0,3402.0
2019,Downtown Core,0.0,57.699999999999974,234.4,2.099999999999999,1208.0,0.0,33.0,294.2,0.0,238.0,690.0,4.0,2042.0,0.0,322.0,932.0,3296.0
2020,Downtown Core,0.0,0.0,229.0,0.0,1282.0,0.0,36.0,229.0,0.0,0.0,610.0,0.0,2290.0,0.0,290.0,610.0,3190.0
2010,River Valley,0.0,0.0,0.0,0.0,2536.0,198.0,13.0,0.0,0.0,0.0,0.0,0.0,7060.0,890.0,260.0,0.0,8210.0
2011,River Valley,0.0,0.0,0.0,0.0,2654.5,203.4,12.0,0.0,0.0,0.0,0.0,0.0,7310.0,866.0,232.0,0.0,8406.0
2012,River Valley,0.0,0.0,0.0,0.0,2773.0,208.8,11.0,0.0,0.0,0.0,0.0,0.0,7560.0,842.0,204.0,0.0,8602.0
2013,River Valley,0.0,0.0,0.0,0.0,2891.5,214.2,10.0,0.0,0.0,0.0,0.0,0.0,7810.0,818.0,176.0,0.0,8798.0
2014,River Valley,0.0,0.0,0.0,0.0,3010.0,219.6,9.0,0.0,0.0,0.0,0.0,0.0,8060.0,794.0,148.0,0.0,8994.0
2015,River Valley,0.0,0.0,0.0,0.0,3128.5,225.0,8.0,0.0,0.0,0.0,0.0,0.0,8310.0,770.0,120.0,0.0,9190.0
2016,River Valley,0.0,0.0,0.0,0.0,3247.0,230.4,7.0,0.0,0.0,0.0,0.0,0.0,8506.0,756.0,112.0,0.0,9366.0
2017,River Valley,0.0,0.0,0.0,0.0,3365.5,235.8,6.0,0.0,0.0,0.0,0.0,0.0,8702.0,742.0,104.0,0.0,9542.0
2018,River Valley,0.0,0.0,0.0,0.0,3484.0,241.2,5.0,0.0,0.0,0.0,0.0,0.0,8898.0,728.0,96.0,0.0,9718.0
2019,River Valley,0.0,0.0,0.0,0.0,3602.5,246.6,4.0,0.0,0.0,0.0,0.0,0.0,9094.0,714.0,88.0,0.0,9894.0
2020,River Valley,0.0,0.0,0.0,0.0,3721.0,252.0,3.0,0.0,0.0,0.0,0.0,0.0,9290.0,700.0,80.0,0.0,10070.0
2010,Newton,0.0,0.0,0.0,0.0,1991.0,176.0,7.0,0.0,0.0,0.0,0.0,0.0,5460.0,600.0,190.0,0.0,6240.0
2011,Newton,0.0,0.0,0.0,0.0,1791.9,158.4,6.3,0.0,0.0,0.0,0.0,0.0,5594.0,590.0,200.0,0.0,6376.0
2012,Newton,0.0,0.0,0.0,0.0,1592.8,140.8,5.6,0.0,0.0,0.0,0.0,0.0,5728.0,580.0,210.0,0.0,6512.0
2013,Newton,0.0,0.0,0.0,0.0,1393.7,123.19999999999999,4.9,0.0,0.0,0.0,0.0,0.0,5862.0,570.0,220.0,0.0,6648.0
2014,Newton,0.0,0.0,0.0,0.0,1194.6,105.6,4.2,0.0,0.0,0.0,0.0,0.0,5996.0,560.0,230.0,0.0,6784.0
2015,Newton,0.0,0.0,0.0,0.0,995.5,88.0,3.5,0.0,0.0,0.0,0.0,0.0,6130.0,550.0,240.0,0.0,6920.0
2016,Newton,0.0,0.0,0.0,0.0,796.4000000000001,70.39999999999999,2.8000000000000003,0.0,0.0,0.0,0.0,0.0,6392.0,556.0,240.0,0.0,7188.0
2017,Newton,0.0,0.0,0.0,0.0,597.3000000000001,52.79999999999999,2.1000000000000005,0.0,0.0,0.0,0.0,0.0,6654.0,562.0,240.0,0.0,7456.0
2018,Newton,0.0,0.0,0.0,0.0,398.20000000000005,35.19999999999999,1.4000000000000004,0.0,0.0,0.0,0.0,0.0,6916.0,568.0,240.0,0.0,7724.0
2019,Newton,0.0,0.0,0.0,0.0,199.10000000000005,17.599999999999987,0.7000000000000004,0.0,0.0,0.0,0.0,0.0,7178.0,574.0,240.0,0.0,7992.0
2020,Newton,0.0,0.0,0.0,0.0,0.0,0.0,0.0,0.0,0.0,0.0,0.0,0.0,7440.0,580.0,240.0,0.0,8260.0
2010,Rochor,335.0,1983.0,1606.0,214.0,816.0,84.0,218.0,4138.0,780.0,5680.0,5100.0,840.0,1830.0,250.0,1190.0,12400.0,15660.0
2011,Rochor,301.5,1784.7,1445.4,192.6,734.4,75.6,196.2,3724.2,788.0,5540.0,5034.0,832.0,1866.0,230.0,1164.0,12194.0,15446.0
2012,Rochor,268.0,1586.4,1284.8,171.2,652.8,67.2,174.4,3310.4,796.0,5400.0,4968.0,824.0,1902.0,210.0,1138.0,11988.0,15232.0
2013,Rochor,234.5,1388.1,1124.2,149.8,571.2,58.8,152.6,2896.6,804.0,5260.0,4902.0,816.0,1938.0,190.0,1112.0,11782.0,15018.0
2014,Rochor,201.0,1189.8,963.6,128.4,489.6,50.4,130.8,2482.8,812.0,5120.0,4836.0,808.0,1974.0,170.0,1086.0,11576.0,14804.0
2015,Rochor,167.5,991.5,803.0,107.0,408.0,42.0,109.0,2069.0,820.0,4980.0,4770.0,800.0,2010.0,150.0,1060.0,11370.0,14590.0
2016,Rochor,134.0,793.1999999999999,642.4000000000001,85.60000000000001,326.40000000000003,33.599999999999994,87.19999999999999,1655.1999999999998,798.0,4860.0,4642.0,788.0,2068.0,148.0,990.0,11088.0,14296.0
2017,Rochor,100.5,594.8999999999999,481.80000000000007,64.20000000000002,244.80000000000004,25.199999999999996,65.39999999999999,1241.3999999999999,776.0,4740.0,4514.0,776.0,2126.0,146.0,920.0,10806.0,14002.0
2018,Rochor,67.0,396.5999999999999,321.20000000000005,42.80000000000001,163.20000000000005,16.799999999999997,43.599999999999994,827.5999999999999,754.0,4620.0,4386.0,764.0,2184.0,144.0,850.0,10524.0,13708.0
2019,Rochor,33.5,198.2999999999999,160.60000000000005,21.400000000000013,81.60000000000005,8.399999999999997,21.799999999999994,413.7999999999999,732.0,4500.0,4258.0,752.0,2242.0,142.0,780.0,10242.0,13414.0
2020,Rochor,0.0,0.0,0.0,0.0,0.0,0.0,0.0,0.0,710.0,4380.0,4130.0,740.0,2300.0,140.0,710.0,9960.0,13120.0
2010,Singapore River,0.0,0.0,0.0,0.0,798.0,0.0,0.0,0.0,0.0,0.0,0.0,0.0,1830.0,0.0,170.0,0.0,2000.0
2011,Singapore River,0.0,0.0,0.0,0.0,718.2,0.0,0.0,0.0,0.0,0.0,0.0,0.0,1976.0,0.0,170.0,0.0,2144.0
2012,Singapore River,0.0,0.0,0.0,0.0,638.4,0.0,0.0,0.0,0.0,0.0,0.0,0.0,2122.0,0.0,170.0,0.0,2288.0
2013,Singapore River,0.0,0.0,0.0,0.0,558.6,0.0,0.0,0.0,0.0,0.0,0.0,0.0,2268.0,0.0,170.0,0.0,2432.0
2014,Singapore River,0.0,0.0,0.0,0.0,478.8,0.0,0.0,0.0,0.0,0.0,0.0,0.0,2414.0,0.0,170.0,0.0,2576.0
2015,Singapore River,0.0,0.0,0.0,0.0,399.0,0.0,0.0,0.0,0.0,0.0,0.0,0.0,2560.0,0.0,170.0,0.0,2720.0
2016,Singapore River,0.0,0.0,0.0,0.0,319.20000000000005,0.0,0.0,0.0,0.0,0.0,0.0,0.0,2670.0,0.0,166.0,0.0,2828.0
2017,Singapore River,0.0,0.0,0.0,0.0,239.40000000000003,0.0,0.0,0.0,0.0,0.0,0.0,0.0,2780.0,0.0,162.0,0.0,2936.0
2018,Singapore River,0.0,0.0,0.0,0.0,159.60000000000002,0.0,0.0,0.0,0.0,0.0,0.0,0.0,2890.0,0.0,158.0,0.0,3044.0
2019,Singapore River,0.0,0.0,0.0,0.0,79.80000000000003,0.0,0.0,0.0,0.0,0.0,0.0,0.0,3000.0,0.0,154.0,0.0,3152.0
2020,Singapore River,0.0,0.0,0.0,0.0,0.0,0.0,0.0,0.0,0.0,0.0,0.0,0.0,3110.0,0.0,150.0,0.0,3260.0
2010,Changi,0.0,153.0,0.0,6.0,480.0,98.0,41.0,159.0,0.0,420.0,0.0,0.0,50.0,370.0,1310.0,430.0,2160.0
2011,Changi,0.0,137.7,0.0,5.4,432.0,88.2,36.9,143.1,0.0,426.0,0.0,2.0,50.0,378.0,1372.0,436.0,2234.0
2012,Changi,0.0,122.4,0.0,4.8,384.0,78.4,32.8,127.2,0.0,432.0,0.0,4.0,50.0,386.0,1434.0,442.0,2308.0
2013,Changi,0.0,107.1,0.0,4.2,336.0,68.6,28.700000000000003,111.3,0.0,438.0,0.0,6.0,50.0,394.0,1496.0,448.0,2382.0
2014,Changi,0.0,91.8,0.0,3.6,288.0,58.8,24.6,95.4,0.0,444.0,0.0,8.0,50.0,402.0,1558.0,454.0,2456.0
2015,Changi,0.0,76.5,0.0,3.0,240.0,49.0,20.5,79.5,0.0,450.0,0.0,10.0,50.0,410.0,1620.0,460.0,2530.0
2016,Changi,0.0,61.199999999999996,0.0,2.4000000000000004,192.0,39.199999999999996,16.400000000000002,63.599999999999994,0.0,432.0,0.0,10.0,42.0,396.0,1524.0,440.0,2394.0
2017,Changi,0.0,45.89999999999999,0.0,1.8000000000000003,144.0,29.399999999999995,12.300000000000002,47.699999999999996,0.0,414.0,0.0,10.0,34.0,382.0,1428.0,420.0,2258.0
2018,Changi,0.0,30.599999999999994,0.0,1.2000000000000002,96.0,19.599999999999994,8.200000000000003,31.799999999999997,0.0,396.0,0.0,10.0,26.0,368.0,1332.0,400.0,2122.0
2019,Changi,0.0,15.299999999999994,0.0,0.6000000000000002,48.0,9.799999999999994,4.100000000000003,15.899999999999997,0.0,378.0,0.0,10.0,18.0,354.0,1236.0,380.0,1986.0
2020,Changi,0.0,0.0,0.0,0.0,0.0,0.0,0.0,0.0,0.0,360.0,0.0,10.0,10.0,340.0,1140.0,360.0,1850.0
2010,Mandai,0.0,0.0,0.0,0.0,267.0,203.0,18.0,0.0,0.0,0.0,0.0,0.0,1140.0,660.0,70.0,0.0,1870.0
2011,Mandai,0.0,0.0,0.0,0.0,240.3,182.7,16.2,0.0,0.0,0.0,0.0,0.0,1160.0,684.0,74.0,0.0,1920.0
2012,Mandai,0.0,0.0,0.0,0.0,213.6,162.4,14.4,0.0,0.0,0.0,0.0,0.0,1180.0,708.0,78.0,0.0,1970.0
2013,Mandai,0.0,0.0,0.0,0.0,186.9,142.1,12.6,0.0,0.0,0.0,0.0,0.0,1200.0,732.0,82.0,0.0,2020.0
2014,Mandai,0.0,0.0,0.0,0.0,160.2,121.8,10.8,0.0,0.0,0.0,0.0,0.0,1220.0,756.0,86.0,0.0,2070.0
2015,Mandai,0.0,0.0,0.0,0.0,133.5,101.5,9.0,0.0,0.0,0.0,0.0,0.0,1240.0,780.0,90.0,0.0,2120.0
2016,Mandai,0.0,0.0,0.0,0.0,106.80000000000001,81.19999999999999,7.199999999999999,0.0,0.0,0.0,0.0,0.0,1252.0,770.0,84.0,0.0,2114.0
2017,Mandai,0.0,0.0,0.0,0.0,80.10000000000001,60.89999999999999,5.3999999999999995,0.0,0.0,0.0,0.0,0.0,1264.0,760.0,78.0,0.0,2108.0
2018,Mandai,0.0,0.0,0.0,0.0,53.400000000000006,40.599999999999994,3.5999999999999996,0.0,0.0,0.0,0.0,0.0,1276.0,750.0,72.0,0.0,2102.0
2019,Mandai,0.0,0.0,0.0,0.0,26.700000000000006,20.299999999999994,1.7999999999999996,0.0,0.0,0.0,0.0,0.0,1288.0,740.0,66.0,0.0,2096.0
2020,Mandai,0.0,0.0,0.0,0.0,0.0,0.0,0.0,0.0,0.0,0.0,0.0,0.0,1300.0,730.0,60.0,0.0,2090.0
2010,Western Islands,,,,,,,,,0.0,0.0,0.0,0.0,0.0,0.0,0.0,0.0,10.0
2011,Western Islands,,,,,,,,,0.0,0.0,0.0,0.0,0.0,0.0,0.0,0.0,8.0
2012,Western Islands,,,,,,,,,0.0,0.0,0.0,0.0,0.0,0.0,0.0,0.0,6.0
2013,Western Islands,,,,,,,,,0.0,0.0,0.0,0.0,0.0,0.0,0.0,0.0,4.0
2014,Western Islands,,,,,,,,,0.0,0.0,0.0,0.0,0.0,0.0,0.0,0.0,2.0
2015,Western Islands,,,,,,,,,0.0,0.0,0.0,0.0,0.0,0.0,0.0,0.0,0.0
2016,Western Islands,,,,,,,,,0.0,0.0,0.0,0.0,0.0,0.0,0.0,0.0,2.0
2017,Western Islands,,,,,,,,,0.0,0.0,0.0,0.0,0.0,0.0,0.0,0.0,4.0
2018,Western Islands,,,,,,,,,0.0,0.0,0.0,0.0,0.0,0.0,0.0,0.0,6.0
2019,Western Islands,,,,,,,,,0.0,0.0,0.0,0.0,0.0,0.0,0.0,0.0,8.0
2020,Western Islands,0.0,0.0,0.0,0.0,0.0,0.0,0.0,0.0,0.0,0.0,0.0,0.0,0.0,0.0,0.0,0.0,10.0
2010,Paya Lebar,,,,,,,,,0.0,0.0,0.0,0.0,0.0,0.0,0.0,0.0,60.0
2011,Paya Lebar,,,,,,,,,0.0,0.0,0.0,0.0,0.0,0.0,0.0,0.0,56.0
2012,Paya Lebar,,,,,,,,,0.0,0.0,0.0,0.0,0.0,0.0,0.0,0.0,52.0
2013,Paya Lebar,,,,,,,,,0.0,0.0,0.0,0.0,0.0,0.0,0.0,0.0,48.0
2014,Paya Lebar,,,,,,,,,0.0,0.0,0.0,0.0,0.0,0.0,0.0,0.0,44.0
2015,Paya Lebar,,,,,,,,,0.0,0.0,0.0,0.0,0.0,0.0,0.0,0.0,40.0
2016,Paya Lebar,,,,,,,,,0.0,0.0,0.0,0.0,0.0,0.0,0.0,0.0,40.0
2017,Paya Lebar,,,,,,,,,0.0,0.0,0.0,0.0,0.0,0.0,0.0,0.0,40.0
2018,Paya Lebar,,,,,,,,,0.0,0.0,0.0,0.0,0.0,0.0,0.0,0.0,40.0
2019,Paya Lebar,,,,,,,,,0.0,0.0,0.0,0.0,0.0,0.0,0.0,0.0,40.0
2020,Paya Lebar,0.0,0.0,0.0,0.0,0.0,0.0,0.0,0.0,0.0,0.0,0.0,0.0,0.0,0.0,0.0,0.0,40.0
2010,North-Eastern Islands,,,,,,,,,0.0,0.0,0.0,0.0,0.0,0.0,0.0,0.0,60.0
2011,North-Eastern Islands,,,,,,,,,0.0,0.0,0.0,0.0,0.0,0.0,0.0,0.0,60.0
2012,North-Eastern Islands,,,,,,,,,0.0,0.0,0.0,0.0,0.0,0.0,0.0,0.0,60.0
2013,North-Eastern Islands,,,,,,,,,0.0,0.0,0.0,0.0,0.0,0.0,0.0,0.0,60.0
2014,North-Eastern Islands,,,,,,,,,0.0,0.0,0.0,0.0,0.0,0.0,0.0,0.0,60.0
2015,North-Eastern Islands,,,,,,,,,0.0,0.0,0.0,0.0,0.0,0.0,0.0,0.0,60.0
2016,North-Eastern Islands,,,,,,,,,0.0,0.0,0.0,0.0,0.0,0.0,0.0,0.0,58.0
2017,North-Eastern Islands,,,,,,,,,0.0,0.0,0.0,0.0,0.0,0.0,0.0,0.0,56.0
2018,North-Eastern Islands,,,,,,,,,0.0,0.0,0.0,0.0,0.0,0.0,0.0,0.0,54.0
2019,North-Eastern Islands,,,,,,,,,0.0,0.0,0.0,0.0,0.0,0.0,0.0,0.0,52.0
2020,North-Eastern Islands,0.0,0.0,0.0,0.0,0.0,0.0,0.0,0.0,0.0,0.0,0.0,0.0,0.0,0.0,0.0,0.0,50.0
2010,Lim Chu Kang,,,,,,,,,0.0,0.0,0.0,0.0,0.0,0.0,0.0,0.0,90.0
2011,Lim Chu Kang,,,,,,,,,0.0,0.0,0.0,0.0,0.0,0.0,0.0,0.0,90.0
2012,Lim Chu Kang,,,,,,,,,0.0,0.0,0.0,0.0,0.0,0.0,0.0,0.0,90.0
2013,Lim Chu Kang,,,,,,,,,0.0,0.0,0.0,0.0,0.0,0.0,0.0,0.0,90.0
2014,Lim Chu Kang,,,,,,,,,0.0,0.0,0.0,0.0,0.0,0.0,0.0,0.0,90.0
2015,Lim Chu Kang,,,,,,,,,0.0,0.0,0.0,0.0,0.0,0.0,0.0,0.0,90.0
2016,Lim Chu Kang,,,,,,,,,0.0,0.0,0.0,0.0,0.0,0.0,22.0,0.0,94.0
2017,Lim Chu Kang,,,,,,,,,0.0,0.0,0.0,0.0,0.0,0.0,44.0,0.0,98.0
2018,Lim Chu Kang,,,,,,,,,0.0,0.0,0.0,0.0,0.0,0.0,66.0,0.0,102.0
2019,Lim Chu Kang,,,,,,,,,0.0,0.0,0.0,0.0,0.0,0.0,88.0,0.0,106.0
2020,Lim Chu Kang,0.0,0.0,0.0,0.0,0.0,0.0,0.0,0.0,0.0,0.0,0.0,0.0,0.0,0.0,110.0,0.0,110.0
2010,Orchard,,,,,,,,,0.0,0.0,0.0,0.0,640.0,0.0,170.0,0.0,810.0
2011,Orchard,,,,,,,,,0.0,0.0,0.0,0.0,678.0,0.0,154.0,0.0,832.0
2012,Orchard,,,,,,,,,0.0,0.0,0.0,0.0,716.0,0.0,138.0,0.0,854.0
2013,Orchard,,,,,,,,,0.0,0.0,0.0,0.0,754.0,0.0,122.0,0.0,876.0
2014,Orchard,,,,,,,,,0.0,0.0,0.0,0.0,792.0,0.0,106.0,0.0,898.0
2015,Orchard,,,,,,,,,0.0,0.0,0.0,0.0,830.0,0.0,90.0,0.0,920.0
2016,Orchard,,,,,,,,,0.0,0.0,0.0,0.0,830.0,0.0,90.0,0.0,920.0
2017,Orchard,,,,,,,,,0.0,0.0,0.0,0.0,830.0,0.0,90.0,0.0,920.0
2018,Orchard,,,,,,,,,0.0,0.0,0.0,0.0,830.0,0.0,90.0,0.0,920.0
2019,Orchard,,,,,,,,,0.0,0.0,0.0,0.0,830.0,0.0,90.0,0.0,920.0
2020,Orchard,0.0,0.0,0.0,0.0,0.0,0.0,0.0,0.0,0.0,0.0,0.0,0.0,830.0,0.0,90.0,0.0,920.0
2010,Museum,,,,,,,,,0.0,0.0,0.0,0.0,290.0,0.0,60.0,0.0,350.0
2011,Museum,,,,,,,,,0.0,0.0,0.0,0.0,302.0,0.0,52.0,0.0,356.0
2012,Museum,,,,,,,,,0.0,0.0,0.0,0.0,314.0,0.0,44.0,0.0,362.0
2013,Museum,,,,,,,,,0.0,0.0,0.0,0.0,326.0,0.0,36.0,0.0,368.0
2014,Museum,,,,,,,,,0.0,0.0,0.0,0.0,338.0,0.0,28.0,0.0,374.0
2015,Museum,,,,,,,,,0.0,0.0,0.0,0.0,350.0,0.0,20.0,0.0,380.0
2016,Museum,,,,,,,,,0.0,0.0,0.0,0.0,378.0,0.0,20.0,0.0,406.0
2017,Museum,,,,,,,,,0.0,0.0,0.0,0.0,406.0,0.0,20.0,0.0,432.0
2018,Museum,,,,,,,,,0.0,0.0,0.0,0.0,434.0,0.0,20.0,0.0,458.0
2019,Museum,,,,,,,,,0.0,0.0,0.0,0.0,462.0,0.0,20.0,0.0,484.0
2020,Museum,0.0,0.0,0.0,0.0,0.0,0.0,0.0,0.0,0.0,0.0,0.0,0.0,490.0,0.0,20.0,0.0,510.0
2010,Marina South,,,,,,,,,0.0,0.0,0.0,0.0,0.0,0.0,0.0,0.0,0.0
2011,Marina South,,,,,,,,,0.0,0.0,0.0,0.0,0.0,0.0,0.0,0.0,0.0
2012,Marina South,,,,,,,,,0.0,0.0,0.0,0.0,0.0,0.0,0.0,0.0,0.0
2013,Marina South,,,,,,,,,0.0,0.0,0.0,0.0,0.0,0.0,0.0,0.0,0.0
2014,Marina South,,,,,,,,,0.0,0.0,0.0,0.0,0.0,0.0,0.0,0.0,0.0
2015,Marina South,,,,,,,,,0.0,0.0,0.0,0.0,0.0,0.0,0.0,0.0,0.0
2016,Marina South,,,,,,,,,0.0,0.0,0.0,0.0,0.0,0.0,0.0,0.0,0.0
2017,Marina South,,,,,,,,,0.0,0.0,0.0,0.0,0.0,0.0,0.0,0.0,0.0
2018,Marina South,,,,,,,,,0.0,0.0,0.0,0.0,0.0,0.0,0.0,0.0,0.0
2019,Marina South,,,,,,,,,0.0,0.0,0.0,0.0,0.0,0.0,0.0,0.0,0.0
2020,Marina South,0.0,0.0,0.0,0.0,0.0,0.0,0.0,0.0,0.0,0.0,0.0,0.0,0.0,0.0,0.0,0.0,0.0
2010,Marina East,,,,,,,,,0.0,0.0,0.0,0.0,0.0,0.0,0.0,0.0,0.0
2011,Marina East,,,,,,,,,0.0,0.0,0.0,0.0,0.0,0.0,0.0,0.0,0.0
2012,Marina East,,,,,,,,,0.0,0.0,0.0,0.0,0.0,0.0,0.0,0.0,0.0
2013,Marina East,,,,,,,,,0.0,0.0,0.0,0.0,0.0,0.0,0.0,0.0,0.0
2014,Marina East,,,,,,,,,0.0,0.0,0.0,0.0,0.0,0.0,0.0,0.0,0.0
2015,Marina East,,,,,,,,,0.0,0.0,0.0,0.0,0.0,0.0,0.0,0.0,0.0
2016,Marina East,,,,,,,,,0.0,0.0,0.0,0.0,0.0,0.0,0.0,0.0,0.0
2017,Marina East,,,,,,,,,0.0,0.0,0.0,0.0,0.0,0.0,0.0,0.0,0.0
2018,Marina East,,,,,,,,,0.0,0.0,0.0,0.0,0.0,0.0,0.0,0.0,0.0
2019,Marina East,,,,,,,,,0.0,0.0,0.0,0.0,0.0,0.0,0.0,0.0,0.0
2020,Marina East,0.0,0.0,0.0,0.0,0.0,0.0,0.0,0.0,0.0,0.0,0.0,0.0,0.0,0.0,0.0,0.0,0.0
2010,Western Water Catchment,,,,,,,,,0.0,0.0,0.0,0.0,0.0,0.0,1040.0,0.0,1040.0
2011,Western Water Catchment,,,,,,,,,0.0,0.0,0.0,0.0,0.0,0.0,1012.0,0.0,1012.0
2012,Western Water Catchment,,,,,,,,,0.0,0.0,0.0,0.0,0.0,0.0,984.0,0.0,984.0
2013,Western Water Catchment,,,,,,,,,0.0,0.0,0.0,0.0,0.0,0.0,956.0,0.0,956.0
2014,Western Water Catchment,,,,,,,,,0.0,0.0,0.0,0.0,0.0,0.0,928.0,0.0,928.0
2015,Western Water Catchment,,,,,,,,,0.0,0.0,0.0,0.0,0.0,0.0,900.0,0.0,900.0
2016,Western Water Catchment,,,,,,,,,0.0,0.0,0.0,0.0,0.0,0.0,848.0,0.0,848.0
2017,Western Water Catchment,,,,,,,,,0.0,0.0,0.0,0.0,0.0,0.0,796.0,0.0,796.0
2018,Western Water Catchment,,,,,,,,,0.0,0.0,0.0,0.0,0.0,0.0,744.0,0.0,744.0
2019,Western Water Catchment,,,,,,,,,0.0,0.0,0.0,0.0,0.0,0.0,692.0,0.0,692.0
2020,Western Water Catchment,0.0,0.0,0.0,0.0,0.0,0.0,0.0,0.0,0.0,0.0,0.0,0.0,0.0,0.0,640.0,0.0,640.0
2010,Boon Lay,,,,,,,,,0.0,0.0,0.0,0.0,0.0,0.0,0.0,0.0,40.0
2011,Boon Lay,,,,,,,,,0.0,0.0,0.0,0.0,0.0,0.0,0.0,0.0,38.0
2012,Boon Lay,,,,,,,,,0.0,0.0,0.0,0.0,0.0,0.0,0.0,0.0,36.0
2013,Boon Lay,,,,,,,,,0.0,0.0,0.0,0.0,0.0,0.0,0.0,0.0,34.0
2014,Boon Lay,,,,,,,,,0.0,0.0,0.0,0.0,0.0,0.0,0.0,0.0,32.0
2015,Boon Lay,,,,,,,,,0.0,0.0,0.0,0.0,0.0,0.0,0.0,0.0,30.0
2016,Boon Lay,,,,,,,,,0.0,0.0,0.0,0.0,0.0,0.0,0.0,0.0,32.0
2017,Boon Lay,,,,,,,,,0.0,0.0,0.0,0.0,0.0,0.0,0.0,0.0,34.0
2018,Boon Lay,,,,,,,,,0.0,0.0,0.0,0.0,0.0,0.0,0.0,0.0,36.0
2019,Boon Lay,,,,,,,,,0.0,0.0,0.0,0.0,0.0,0.0,0.0,0.0,38.0
2020,Boon Lay,0.0,0.0,0.0,0.0,0.0,0.0,0.0,0.0,0.0,0.0,0.0,0.0,0.0,0.0,0.0,0.0,40.0
2010,Tuas,,,,,,,,,0.0,0.0,0.0,0.0,0.0,0.0,0.0,0.0,60.0
2011,Tuas,,,,,,,,,0.0,0.0,0.0,0.0,0.0,0.0,0.0,0.0,62.0
2012,Tuas,,,,,,,,,0.0,0.0,0.0,0.0,0.0,0.0,0.0,0.0,64.0
2013,Tuas,,,,,,,,,0.0,0.0,0.0,0.0,0.0,0.0,0.0,0.0,66.0
2014,Tuas,,,,,,,,,0.0,0.0,0.0,0.0,0.0,0.0,0.0,0.0,68.0
2015,Tuas,,,,,,,,,0.0,0.0,0.0,0.0,0.0,0.0,0.0,0.0,70.0
2016,Tuas,,,,,,,,,0.0,0.0,0.0,0.0,0.0,0.0,0.0,0.0,70.0
2017,Tuas,,,,,,,,,0.0,0.0,0.0,0.0,0.0,0.0,0.0,0.0,70.0
2018,Tuas,,,,,,,,,0.0,0.0,0.0,0.0,0.0,0.0,0.0,0.0,70.0
2019,Tuas,,,,,,,,,0.0,0.0,0.0,0.0,0.0,0.0,0.0,0.0,70.0
2020,Tuas,0.0,0.0,0.0,0.0,0.0,0.0,0.0,0.0,0.0,0.0,0.0,0.0,0.0,0.0,0.0,0.0,70.0
2010,Sungei Kadut,,,,,,,,,0.0,0.0,0.0,0.0,0.0,670.0,210.0,0.0,880.0
2011,Sungei Kadut,,,,,,,,,0.0,0.0,0.0,0.0,0.0,668.0,206.0,0.0,874.0
2012,Sungei Kadut,,,,,,,,,0.0,0.0,0.0,0.0,0.0,666.0,202.0,0.0,868.0
2013,Sungei Kadut,,,,,,,,,0.0,0.0,0.0,0.0,0.0,664.0,198.0,0.0,862.0
2014,Sungei Kadut,,,,,,,,,0.0,0.0,0.0,0.0,0.0,662.0,194.0,0.0,856.0
2015,Sungei Kadut,,,,,,,,,0.0,0.0,0.0,0.0,0.0,660.0,190.0,0.0,850.0
2016,Sungei Kadut,,,,,,,,,0.0,0.0,0.0,0.0,0.0,662.0,168.0,0.0,830.0
2017,Sungei Kadut,,,,,,,,,0.0,0.0,0.0,0.0,0.0,664.0,146.0,0.0,810.0
2018,Sungei Kadut,,,,,,,,,0.0,0.0,0.0,0.0,0.0,666.0,124.0,0.0,790.0
2019,Sungei Kadut,,,,,,,,,0.0,0.0,0.0,0.0,0.0,668.0,102.0,0.0,770.0
2020,Sungei Kadut,0.0,0.0,0.0,0.0,0.0,0.0,0.0,0.0,0.0,0.0,0.0,0.0,0.0,670.0,80.0,0.0,750.0
2010,Southern Islands,,,,,,,,,0.0,0.0,0.0,0.0,360.0,260.0,10.0,0.0,640.0
2011,Southern Islands,,,,,,,,,0.0,0.0,0.0,0.0,466.0,318.0,16.0,0.0,808.0
2012,Southern Islands,,,,,,,,,0.0,0.0,0.0,0.0,572.0,376.0,22.0,0.0,976.0
2013,Southern Islands,,,,,,,,,0.0,0.0,0.0,0.0,678.0,434.0,28.0,0.0,1144.0
2014,Southern Islands,,,,,,,,,0.0,0.0,0.0,0.0,784.0,492.0,34.0,0.0,1312.0
2015,Southern Islands,,,,,,,,,0.0,0.0,0.0,0.0,890.0,550.0,40.0,0.0,1480.0
2016,Southern Islands,,,,,,,,,0.0,0.0,0.0,0.0,968.0,568.0,36.0,0.0,1572.0
2017,Southern Islands,,,,,,,,,0.0,0.0,0.0,0.0,1046.0,586.0,32.0,0.0,1664.0
2018,Southern Islands,,,,,,,,,0.0,0.0,0.0,0.0,1124.0,604.0,28.0,0.0,1756.0
2019,Southern Islands,,,,,,,,,0.0,0.0,0.0,0.0,1202.0,622.0,24.0,0.0,1848.0
2020,Southern Islands,0.0,0.0,0.0,0.0,0.0,0.0,0.0,0.0,0.0,0.0,0.0,0.0,1280.0,640.0,20.0,0.0,1940.0
2010,Simpang,,,,,,,,,0.0,0.0,0.0,0.0,0.0,0.0,0.0,0.0,0.0
2011,Simpang,,,,,,,,,0.0,0.0,0.0,0.0,0.0,0.0,0.0,0.0,0.0
2012,Simpang,,,,,,,,,0.0,0.0,0.0,0.0,0.0,0.0,0.0,0.0,0.0
2013,Simpang,,,,,,,,,0.0,0.0,0.0,0.0,0.0,0.0,0.0,0.0,0.0
2014,Simpang,,,,,,,,,0.0,0.0,0.0,0.0,0.0,0.0,0.0,0.0,0.0
2015,Simpang,,,,,,,,,0.0,0.0,0.0,0.0,0.0,0.0,0.0,0.0,0.0
2016,Simpang,,,,,,,,,0.0,0.0,0.0,0.0,0.0,0.0,0.0,0.0,0.0
2017,Simpang,,,,,,,,,0.0,0.0,0.0,0.0,0.0,0.0,0.0,0.0,0.0
2018,Simpang,,,,,,,,,0.0,0.0,0.0,0.0,0.0,0.0,0.0,0.0,0.0
2019,Simpang,,,,,,,,,0.0,0.0,0.0,0.0,0.0,0.0,0.0,0.0,0.0
2020,Simpang,0.0,0.0,0.0,0.0,0.0,0.0,0.0,0.0,0.0,0.0,0.0,0.0,0.0,0.0,0.0,0.0,0.0
2010,Seletar,,,,,,,,,0.0,0.0,0.0,0.0,0.0,290.0,40.0,0.0,330.0
2011,Seletar,,,,,,,,,0.0,0.0,0.0,0.0,0.0,282.0,36.0,0.0,318.0
2012,Seletar,,,,,,,,,0.0,0.0,0.0,0.0,0.0,274.0,32.0,0.0,306.0
2013,Seletar,,,,,,,,,0.0,0.0,0.0,0.0,0.0,266.0,28.0,0.0,294.0
2014,Seletar,,,,,,,,,0.0,0.0,0.0,0.0,0.0,258.0,24.0,0.0,282.0
2015,Seletar,,,,,,,,,0.0,0.0,0.0,0.0,0.0,250.0,20.0,0.0,270.0
2016,Seletar,,,,,,,,,0.0,0.0,0.0,0.0,0.0,256.0,20.0,0.0,276.0
2017,Seletar,,,,,,,,,0.0,0.0,0.0,0.0,0.0,262.0,20.0,0.0,282.0
2018,Seletar,,,,,,,,,0.0,0.0,0.0,0.0,0.0,268.0,20.0,0.0,288.0
2019,Seletar,,,,,,,,,0.0,0.0,0.0,0.0,0.0,274.0,20.0,0.0,294.0
2020,Seletar,0.0,0.0,0.0,0.0,0.0,0.0,0.0,0.0,0.0,0.0,0.0,0.0,0.0,280.0,20.0,0.0,300.0
2010,Pioneer,,,,,,,,,0.0,0.0,0.0,0.0,0.0,0.0,0.0,0.0,90.0
2011,Pioneer,,,,,,,,,0.0,0.0,0.0,0.0,0.0,0.0,0.0,0.0,92.0
2012,Pioneer,,,,,,,,,0.0,0.0,0.0,0.0,0.0,0.0,0.0,0.0,94.0
2013,Pioneer,,,,,,,,,0.0,0.0,0.0,0.0,0.0,0.0,0.0,0.0,96.0
2014,Pioneer,,,,,,,,,0.0,0.0,0.0,0.0,0.0,0.0,0.0,0.0,98.0
2015,Pioneer,,,,,,,,,0.0,0.0,0.0,0.0,0.0,0.0,0.0,0.0,100.0
2016,Pioneer,,,,,,,,,0.0,0.0,0.0,0.0,0.0,0.0,0.0,0.0,96.0
2017,Pioneer,,,,,,,,,0.0,0.0,0.0,0.0,0.0,0.0,0.0,0.0,92.0
2018,Pioneer,,,,,,,,,0.0,0.0,0.0,0.0,0.0,0.0,0.0,0.0,88.0
2019,Pioneer,,,,,,,,,0.0,0.0,0.0,0.0,0.0,0.0,0.0,0.0,84.0
2020,Pioneer,0.0,0.0,0.0,0.0,0.0,0.0,0.0,0.0,0.0,0.0,0.0,0.0,0.0,0.0,0.0,0.0,80.0
2010,Tengah,,,,,,,,,0.0,0.0,0.0,0.0,0.0,0.0,0.0,0.0,10.0
2011,Tengah,,,,,,,,,0.0,0.0,0.0,0.0,0.0,0.0,0.0,0.0,10.0
2012,Tengah,,,,,,,,,0.0,0.0,0.0,0.0,0.0,0.0,0.0,0.0,10.0
2013,Tengah,,,,,,,,,0.0,0.0,0.0,0.0,0.0,0.0,0.0,0.0,10.0
2014,Tengah,,,,,,,,,0.0,0.0,0.0,0.0,0.0,0.0,0.0,0.0,10.0
2015,Tengah,,,,,,,,,0.0,0.0,0.0,0.0,0.0,0.0,0.0,0.0,10.0
2016,Tengah,,,,,,,,,0.0,0.0,0.0,0.0,0.0,0.0,0.0,0.0,10.0
2017,Tengah,,,,,,,,,0.0,0.0,0.0,0.0,0.0,0.0,0.0,0.0,10.0
2018,Tengah,,,,,,,,,0.0,0.0,0.0,0.0,0.0,0.0,0.0,0.0,10.0
2019,Tengah,,,,,,,,,0.0,0.0,0.0,0.0,0.0,0.0,0.0,0.0,10.0
2020,Tengah,0.0,0.0,0.0,0.0,0.0,0.0,0.0,0.0,0.0,0.0,0.0,0.0,0.0,0.0,0.0,0.0,10.0
2010,Changi Bay,,,,,,,,,0.0,0.0,0.0,0.0,0.0,0.0,0.0,0.0,0.0
2011,Changi Bay,,,,,,,,,0.0,0.0,0.0,0.0,0.0,0.0,0.0,0.0,0.0
2012,Changi Bay,,,,,,,,,0.0,0.0,0.0,0.0,0.0,0.0,0.0,0.0,0.0
2013,Changi Bay,,,,,,,,,0.0,0.0,0.0,0.0,0.0,0.0,0.0,0.0,0.0
2014,Changi Bay,,,,,,,,,0.0,0.0,0.0,0.0,0.0,0.0,0.0,0.0,0.0
2015,Changi Bay,,,,,,,,,0.0,0.0,0.0,0.0,0.0,0.0,0.0,0.0,0.0
2016,Changi Bay,,,,,,,,,0.0,0.0,0.0,0.0,0.0,0.0,0.0,0.0,0.0
2017,Changi Bay,,,,,,,,,0.0,0.0,0.0,0.0,0.0,0.0,0.0,0.0,0.0
2018,Changi Bay,,,,,,,,,0.0,0.0,0.0,0.0,0.0,0.0,0.0,0.0,0.0
2019,Changi Bay,,,,,,,,,0.0,0.0,0.0,0.0,0.0,0.0,0.0,0.0,0.0
2020,Changi Bay,0.0,0.0,0.0,0.0,0.0,0.0,0.0,0.0,0.0,0.0,0.0,0.0,0.0,0.0,0.0,0.0,0.0
2010,Central Water Catchment,,,,,,,,,0.0,0.0,0.0,0.0,0.0,0.0,0.0,0.0,10.0
2011,Central Water Catchment,,,,,,,,,0.0,0.0,0.0,0.0,0.0,0.0,0.0,0.0,10.0
2012,Central Water Catchment,,,,,,,,,0.0,0.0,0.0,0.0,0.0,0.0,0.0,0.0,10.0
2013,Central Water Catchment,,,,,,,,,0.0,0.0,0.0,0.0,0.0,0.0,0.0,0.0,10.0
2014,Central Water Catchment,,,,,,,,,0.0,0.0,0.0,0.0,0.0,0.0,0.0,0.0,10.0
2015,Central Water Catchment,,,,,,,,,0.0,0.0,0.0,0.0,0.0,0.0,0.0,0.0,10.0
2016,Central Water Catchment,,,,,,,,,0.0,0.0,0.0,0.0,0.0,0.0,0.0,0.0,8.0
2017,Central Water Catchment,,,,,,,,,0.0,0.0,0.0,0.0,0.0,0.0,0.0,0.0,6.0
2018,Central Water Catchment,,,,,,,,,0.0,0.0,0.0,0.0,0.0,0.0,0.0,0.0,4.0
2019,Central Water Catchment,,,,,,,,,0.0,0.0,0.0,0.0,0.0,0.0,0.0,0.0,2.0
2020,Central Water Catchment,0.0,0.0,0.0,0.0,0.0,0.0,0.0,0.0,0.0,0.0,0.0,0.0,0.0,0.0,0.0,0.0,0.0
2010,Straits View,,,,,,,,,0.0,0.0,0.0,0.0,0.0,0.0,0.0,0.0,0.0
2011,Straits View,,,,,,,,,0.0,0.0,0.0,0.0,0.0,0.0,0.0,0.0,0.0
2012,Straits View,,,,,,,,,0.0,0.0,0.0,0.0,0.0,0.0,0.0,0.0,0.0
2013,Straits View,,,,,,,,,0.0,0.0,0.0,0.0,0.0,0.0,0.0,0.0,0.0
2014,Straits View,,,,,,,,,0.0,0.0,0.0,0.0,0.0,0.0,0.0,0.0,0.0
2015,Straits View,,,,,,,,,0.0,0.0,0.0,0.0,0.0,0.0,0.0,0.0,0.0
2016,Straits View,,,,,,,,,0.0,0.0,0.0,0.0,0.0,0.0,0.0,0.0,0.0
2017,Straits View,,,,,,,,,0.0,0.0,0.0,0.0,0.0,0.0,0.0,0.0,0.0
2018,Straits View,,,,,,,,,0.0,0.0,0.0,0.0,0.0,0.0,0.0,0.0,0.0
2019,Straits View,,,,,,,,,0.0,0.0,0.0,0.0,0.0,0.0,0.0,0.0,0.0
2020,Straits View,0.0,0.0,0.0,0.0,0.0,0.0,0.0,0.0,0.0,0.0,0.0,0.0,0.0,0.0,0.0,0.0,0.0
