,yr,week,region,no_cases,total_daily_rainfall,max_wind_sp,max_temp,rainy_day,mean_temp,mean_wind_sp,min_temp,dengue_fever,dengue,mosquito,insect_repellent,dengue_fever_diff,dengue_fever_2nd_diff,dengue_diff,dengue_2nd_diff,mosquito_diff,mosquito_2nd_diff,insect_repellent_diff,insect_repellent_2nd_diff
0,2013,21,Northeast,53,124.89999999999999,32.0,34.9,1,27.7,4.21875,22.7,33.0,30.0,10.0,2.0,0.0,0.0,0.0,0.0,0.0,0.0,0.0,0.0
1,2013,22,Northeast,56,304.0,64.8,35.5,1,27.7,4.510714285714285,22.2,29.0,28.0,9.0,3.0,-4.0,0.0,-2.0,0.0,-1.0,0.0,1.0,0.0
2,2013,23,Northeast,153,526.7,55.4,34.7,1,27.7,4.903571428571429,23.2,56.0,52.0,18.0,4.0,27.0,31.0,24.0,26.0,9.0,10.0,1.0,0.0
3,2013,24,Northeast,82,26.7,40.7,35.4,1,29.6,5.867857142857143,24.2,42.0,39.0,14.0,2.0,-14.0,-41.0,-13.0,-37.0,-4.0,-13.0,-2.0,-3.0
4,2013,25,Northeast,73,0.0,43.9,35.9,0,29.6,5.3,24.4,25.0,23.0,8.0,2.0,-17.0,-3.0,-16.0,-3.0,-6.0,-2.0,0.0,2.0
5,2013,26,Northeast,54,73.9,42.5,35.4,1,28.5,4.771428571428571,23.4,26.0,24.0,9.0,3.0,1.0,18.0,1.0,17.0,1.0,7.0,1.0,1.0
6,2013,27,Northeast,126,27.900000000000002,38.9,34.1,1,27.9,5.714285714285714,23.6,18.0,17.0,8.0,1.0,-8.0,-9.0,-7.0,-8.0,-1.0,-2.0,-2.0,-3.0
7,2013,28,Northeast,166,278.5,44.3,34.1,1,27.3,5.117857142857143,22.8,16.0,16.0,8.0,3.0,-2.0,6.0,-1.0,6.0,0.0,1.0,2.0,4.0
8,2013,29,Northeast,179,91.8,63.7,34.6,1,27.5,5.039285714285714,22.5,14.0,13.0,8.0,2.0,-2.0,0.0,-3.0,-2.0,0.0,0.0,-1.0,-3.0
9,2013,30,Northeast,171,136.9,38.9,34.8,1,27.9,6.121428571428572,22.7,12.0,11.0,9.0,1.0,-2.0,0.0,-2.0,1.0,1.0,1.0,-1.0,0.0
10,2013,31,Northeast,153,246.2,51.5,34.2,1,27.7,6.0249999999999995,22.0,11.0,9.0,9.0,2.0,-1.0,1.0,-2.0,0.0,0.0,-1.0,1.0,2.0
11,2013,32,Northeast,65,256.09999999999997,54.0,32.9,1,27.4,6.1000000000000005,22.1,13.0,13.0,8.0,0.0,2.0,3.0,4.0,6.0,-1.0,-1.0,-2.0,-3.0
12,2013,33,Northeast,37,58.2,52.6,33.7,1,27.6,5.739285714285714,21.9,12.0,11.0,7.0,2.0,-1.0,-3.0,-2.0,-6.0,-1.0,0.0,2.0,4.0
13,2013,34,Northeast,54,67.8,40.7,34.2,1,28.3,6.839285714285714,23.1,11.0,11.0,7.0,1.0,-1.0,0.0,0.0,2.0,0.0,1.0,-1.0,-3.0
14,2013,35,Northeast,76,115.10000000000001,44.3,34.3,1,27.8,6.117857142857143,20.0,9.0,9.0,5.0,1.0,-2.0,-1.0,-2.0,-2.0,-2.0,-2.0,0.0,1.0
15,2013,36,Northeast,99,676.9,52.6,33.4,1,26.1,4.95,21.6,12.0,11.0,6.0,2.0,3.0,5.0,2.0,4.0,1.0,3.0,1.0,1.0
16,2013,37,Northeast,150,144.2,38.9,32.8,1,27.0,5.660714285714286,22.9,11.0,10.0,6.0,1.0,-1.0,-4.0,-1.0,-3.0,0.0,-1.0,-1.0,-2.0
17,2013,38,Northeast,153,22.400000000000002,38.9,34.4,1,28.5,6.546428571428572,23.6,9.0,8.0,5.0,1.0,-2.0,-1.0,-2.0,-1.0,-1.0,-1.0,0.0,1.0
18,2013,39,Northeast,153,357.5,63.0,35.0,1,27.9,5.753571428571428,22.1,15.0,13.0,5.0,2.0,6.0,8.0,5.0,7.0,0.0,1.0,1.0,1.0
19,2013,40,Northeast,153,74.5,57.2,34.1,1,27.8,6.142857142857143,22.5,13.0,13.0,6.0,1.0,-2.0,-8.0,0.0,-5.0,1.0,1.0,-1.0,-2.0
20,2013,41,Northeast,153,242.0,45.0,34.9,1,27.8,5.453571428571428,22.1,11.0,10.0,8.0,1.0,-2.0,0.0,-3.0,-3.0,2.0,1.0,0.0,1.0
21,2013,42,Northeast,153,101.6,46.4,34.0,1,28.0,5.964285714285714,23.1,15.0,15.0,7.0,2.0,4.0,6.0,5.0,8.0,-1.0,-3.0,1.0,1.0
22,2013,43,Northeast,153,137.0,55.4,33.7,1,27.4,5.757142857142857,22.9,12.0,11.0,5.0,2.0,-3.0,-7.0,-4.0,-9.0,-2.0,-1.0,0.0,-1.0
23,2013,44,Northeast,100,398.0,48.2,34.2,1,26.8,4.661904761904762,22.1,12.0,11.0,7.0,2.0,0.0,3.0,0.0,4.0,2.0,4.0,0.0,0.0
24,2013,45,Northeast,100,452.3,44.3,34.1,1,27.2,5.347619047619047,22.1,12.0,11.0,6.0,1.0,0.0,0.0,0.0,0.0,-1.0,-3.0,-1.0,-1.0
25,2013,46,Northeast,107,240.4,77.8,34.6,1,26.8,5.204761904761905,22.8,13.0,13.0,9.0,1.0,1.0,1.0,2.0,2.0,3.0,4.0,0.0,1.0
26,2013,47,Northeast,120,161.4,46.4,33.3,1,27.6,5.976190476190476,22.4,11.0,10.0,6.0,2.0,-2.0,-3.0,-3.0,-5.0,-3.0,-6.0,1.0,1.0
27,2013,48,Northeast,126,344.2,56.2,34.1,1,26.9,5.3999999999999995,22.3,11.0,9.0,6.0,2.0,0.0,2.0,-1.0,2.0,0.0,3.0,0.0,-1.0
28,2013,49,Northeast,136,404.1,42.5,32.4,1,25.7,5.6952380952380945,22.4,9.0,9.0,6.0,1.0,-2.0,-2.0,0.0,1.0,0.0,0.0,-1.0,-1.0
29,2013,50,Northeast,25,267.5,51.8,34.3,1,27.1,6.376190476190477,22.1,10.0,10.0,5.0,2.0,1.0,3.0,1.0,1.0,-1.0,-1.0,1.0,2.0
30,2013,51,Northeast,20,325.6,42.5,34.3,1,26.8,7.2714285714285705,21.4,9.0,8.0,6.0,2.0,-1.0,-2.0,-2.0,-3.0,1.0,2.0,0.0,-1.0
31,2013,52,Northeast,29,81.1,46.4,31.3,1,26.6,10.466666666666667,23.2,9.0,8.0,7.0,2.0,0.0,1.0,0.0,2.0,1.0,0.0,0.0,0.0
32,2014,1,Northeast,46,55.0,46.4,32.4,1,26.2,8.622222222222222,23.3,12.0,11.0,5.0,2.0,3.0,3.0,3.0,3.0,-2.0,-3.0,0.0,0.0
33,2014,2,Northeast,78,190.8,50.0,32.7,1,26.5,7.0,23.3,11.0,10.0,4.0,1.0,-1.0,-4.0,-1.0,-4.0,-1.0,1.0,-1.0,-1.0
34,2014,3,Northeast,59,0.8,48.2,30.8,1,26.1,12.338095238095239,23.3,9.0,8.0,4.0,1.0,-2.0,-1.0,-2.0,-1.0,0.0,1.0,0.0,1.0
35,2014,4,Northeast,153,0.0,46.4,30.6,0,25.7,11.742857142857142,22.4,7.0,6.0,7.0,1.0,-2.0,0.0,-2.0,0.0,3.0,3.0,0.0,0.0
36,2014,5,Northeast,153,0.0,51.8,33.0,0,26.1,12.095238095238095,21.9,7.0,8.0,8.0,2.0,0.0,2.0,2.0,4.0,1.0,-2.0,1.0,1.0
37,2014,6,Northeast,29,68.8,51.5,33.6,1,26.6,9.133333333333335,22.3,10.0,9.0,13.0,3.0,3.0,3.0,1.0,-1.0,5.0,4.0,1.0,0.0
38,2014,7,Northeast,58,1.0,44.3,34.5,1,27.7,11.314285714285713,22.5,8.0,9.0,12.0,2.0,-2.0,-5.0,0.0,-1.0,-1.0,-6.0,-1.0,-2.0
39,2014,8,Northeast,153,0.0,51.8,33.9,0,27.6,12.957142857142859,24.2,9.0,9.0,20.0,4.0,1.0,3.0,0.0,0.0,8.0,9.0,2.0,3.0
40,2014,9,Northeast,153,0.0,48.2,34.4,0,27.4,12.119047619047619,23.5,10.0,8.0,20.0,4.0,1.0,0.0,-1.0,-1.0,0.0,-8.0,0.0,-2.0
41,2014,10,Northeast,49,0.0,44.3,35.8,0,27.6,9.712,22.4,6.0,6.0,19.0,2.0,-4.0,-5.0,-2.0,-1.0,-1.0,-1.0,-2.0,-2.0
42,2014,11,Northeast,70,125.6,44.3,35.2,1,27.7,9.674999999999999,23.3,6.0,5.0,12.0,1.0,0.0,4.0,-1.0,1.0,-7.0,-6.0,-1.0,1.0
43,2014,12,Northeast,153,291.4,50.0,33.7,1,26.8,6.492592592592593,23.3,7.0,6.0,8.0,2.0,1.0,1.0,1.0,2.0,-4.0,3.0,1.0,2.0
44,2014,13,Northeast,153,60.3,44.3,34.9,1,28.3,7.760714285714286,23.3,8.0,7.0,13.0,2.0,1.0,0.0,1.0,0.0,5.0,9.0,0.0,-1.0
45,2014,14,Northeast,84,75.69999999999999,37.4,35.4,1,28.3,5.828571428571428,23.3,6.0,5.0,8.0,2.0,-2.0,-3.0,-2.0,-3.0,-5.0,-10.0,0.0,0.0
46,2014,15,Northeast,153,156.79999999999998,44.3,35.2,1,27.7,4.896428571428571,22.8,7.0,7.0,9.0,3.0,1.0,3.0,2.0,4.0,1.0,6.0,1.0,1.0
47,2014,16,Northeast,123,158.5,38.9,35.3,1,27.9,4.6499999999999995,23.0,8.0,8.0,10.0,2.0,1.0,0.0,1.0,-1.0,1.0,0.0,-1.0,-2.0
48,2014,17,Northeast,153,102.0,38.9,35.7,1,27.9,4.635714285714286,23.8,9.0,8.0,10.0,1.0,1.0,0.0,0.0,-1.0,0.0,-1.0,-1.0,0.0
49,2014,18,Northeast,183,62.5,42.5,34.9,1,28.7,4.867857142857142,24.0,5.0,6.0,10.0,2.0,-4.0,-5.0,-2.0,-2.0,0.0,0.0,1.0,2.0
50,2014,19,Northeast,153,220.29999999999998,46.4,35.4,1,28.6,5.021428571428571,22.7,7.0,7.0,9.0,3.0,2.0,6.0,1.0,3.0,-1.0,-1.0,1.0,0.0
51,2014,20,Northeast,8,227.29999999999998,44.3,34.6,1,28.2,5.0249999999999995,23.2,8.0,7.0,9.0,2.0,1.0,-1.0,0.0,-1.0,0.0,1.0,-1.0,-2.0
52,2014,21,Northeast,153,209.4,40.7,35.1,1,27.8,5.1571428571428575,22.8,9.0,9.0,10.0,1.0,1.0,0.0,2.0,2.0,1.0,1.0,-1.0,0.0
53,2014,22,Northeast,153,196.2,45.0,34.0,1,28.2,5.171428571428572,23.7,8.0,7.0,9.0,3.0,-1.0,-2.0,-2.0,-4.0,-1.0,-2.0,2.0,3.0
54,2014,23,Northeast,94,275.6,45.7,34.7,1,28.1,5.464285714285714,23.7,10.0,10.0,7.0,2.0,2.0,3.0,3.0,5.0,-2.0,-1.0,-1.0,-3.0
55,2014,24,Northeast,173,90.5,59.4,36.2,1,29.1,5.460714285714286,22.5,12.0,10.0,8.0,2.0,2.0,0.0,0.0,-3.0,1.0,3.0,0.0,1.0
56,2014,25,Northeast,153,79.7,56.9,35.5,1,29.9,6.546428571428572,22.9,11.0,9.0,10.0,2.0,-1.0,-3.0,-1.0,-1.0,2.0,1.0,0.0,0.0
57,2014,26,Northeast,153,82.4,50.0,34.7,1,28.8,5.614285714285714,22.3,14.0,13.0,9.0,2.0,3.0,4.0,4.0,5.0,-1.0,-3.0,0.0,0.0
58,2014,27,Northeast,347,102.69999999999999,38.9,33.6,1,28.0,5.210714285714286,22.8,19.0,18.0,8.0,1.0,5.0,2.0,5.0,1.0,-1.0,0.0,-1.0,-1.0
59,2014,28,Northeast,153,365.1,49.0,35.1,1,27.9,5.960714285714286,21.7,17.0,15.0,8.0,1.0,-2.0,-7.0,-3.0,-8.0,0.0,1.0,0.0,1.0
60,2014,29,Northeast,411,33.3,53.6,35.0,1,29.0,6.2749999999999995,22.7,18.0,15.0,11.0,1.0,1.0,3.0,0.0,3.0,3.0,3.0,0.0,0.0
61,2014,30,Northeast,394,75.1,56.5,35.5,1,29.4,7.496428571428572,22.5,14.0,12.0,8.0,2.0,-4.0,-5.0,-3.0,-3.0,-3.0,-6.0,1.0,1.0
62,2014,31,Northeast,261,140.2,56.5,34.7,1,28.0,5.951851851851852,21.7,15.0,14.0,9.0,1.0,1.0,5.0,2.0,5.0,1.0,4.0,-1.0,-2.0
63,2014,32,Northeast,272,91.7,50.0,33.6,1,27.8,6.546428571428572,23.2,14.0,13.0,9.0,2.0,-1.0,-2.0,-1.0,-3.0,0.0,-1.0,1.0,2.0
64,2014,33,Northeast,295,224.4,99.4,33.5,1,26.9,5.253571428571428,22.9,15.0,14.0,8.0,1.0,1.0,2.0,1.0,2.0,-1.0,-1.0,-1.0,-2.0
65,2014,34,Northeast,153,99.9,66.2,32.7,1,27.8,5.835714285714286,23.8,12.0,11.0,10.0,2.0,-3.0,-4.0,-3.0,-4.0,2.0,3.0,1.0,2.0
66,2014,35,Northeast,153,274.3,81.4,32.6,1,26.6,5.010714285714286,22.0,11.0,9.0,6.0,1.0,-1.0,2.0,-2.0,1.0,-4.0,-6.0,-1.0,-2.0
67,2014,36,Northeast,153,163.3,48.2,34.2,1,27.8,6.042857142857143,22.3,8.0,8.0,8.0,2.0,-3.0,-2.0,-1.0,1.0,2.0,6.0,1.0,2.0
68,2014,37,Northeast,153,33.4,40.7,34.5,1,28.2,6.428571428571429,23.0,8.0,8.0,8.0,2.0,0.0,3.0,0.0,1.0,0.0,-2.0,0.0,-1.0
69,2014,38,Northeast,153,122.60000000000001,44.3,34.1,1,28.6,7.128571428571428,22.7,7.0,6.0,6.0,4.0,-1.0,-1.0,-2.0,-2.0,-2.0,-2.0,2.0,2.0
70,2014,39,Northeast,178,146.5,44.3,34.8,1,28.4,6.603571428571429,22.8,9.0,9.0,5.0,2.0,2.0,3.0,3.0,5.0,-1.0,1.0,-2.0,-4.0
71,2014,40,Northeast,211,101.3,41.0,34.4,1,28.5,6.578571428571428,23.5,7.0,6.0,4.0,1.0,-2.0,-4.0,-3.0,-6.0,-1.0,0.0,-1.0,1.0
72,2014,41,Northeast,222,1.4000000000000001,36.4,34.3,1,28.9,6.433333333333334,24.7,6.0,6.0,6.0,1.0,-1.0,1.0,0.0,3.0,2.0,3.0,0.0,1.0
73,2014,42,Northeast,183,148.6,42.8,35.4,1,27.9,4.992592592592593,23.4,8.0,7.0,6.0,1.0,2.0,3.0,1.0,1.0,0.0,-2.0,0.0,0.0
74,2014,43,Northeast,153,78.1,37.1,34.8,1,28.1,5.364285714285714,23.4,8.0,8.0,7.0,2.0,0.0,-2.0,1.0,0.0,1.0,1.0,1.0,1.0
75,2014,44,Northeast,153,302.6,52.2,34.7,1,28.1,5.1000000000000005,22.2,5.0,4.0,5.0,1.0,-3.0,-3.0,-4.0,-5.0,-2.0,-3.0,-1.0,-2.0
76,2014,45,Northeast,153,534.7,50.0,34.3,1,27.6,5.785714285714286,22.5,6.0,6.0,5.0,2.0,1.0,4.0,2.0,6.0,0.0,2.0,1.0,2.0
77,2014,46,Northeast,153,533.0,61.2,34.7,1,26.8,4.925,22.4,6.0,6.0,5.0,1.0,0.0,-1.0,0.0,-2.0,0.0,0.0,-1.0,-2.0
78,2014,47,Northeast,153,210.5,38.9,33.2,1,26.8,5.053571428571429,23.1,8.0,6.0,5.0,2.0,2.0,2.0,0.0,0.0,0.0,0.0,1.0,2.0
79,2014,48,Northeast,52,264.0,42.8,33.9,1,27.2,5.014285714285714,22.5,6.0,6.0,5.0,1.0,-2.0,-4.0,0.0,0.0,0.0,0.0,-1.0,-2.0
80,2014,49,Northeast,97,340.1,51.8,34.5,1,27.2,5.007142857142857,22.3,6.0,5.0,6.0,1.0,0.0,2.0,-1.0,-1.0,1.0,1.0,0.0,1.0
81,2014,50,Northeast,115,40.4,44.3,33.5,1,27.8,7.767857142857143,23.7,5.0,5.0,6.0,1.0,-1.0,-1.0,0.0,1.0,0.0,-1.0,0.0,0.0
82,2014,51,Northeast,120,330.3,42.5,33.2,1,26.7,6.585714285714286,23.1,4.0,4.0,4.0,2.0,-1.0,0.0,-1.0,-1.0,-2.0,-2.0,1.0,1.0
83,2014,52,Northeast,95,345.8,43.9,32.0,1,26.3,5.839285714285714,22.6,7.0,5.0,5.0,1.0,3.0,4.0,1.0,2.0,1.0,3.0,-1.0,-2.0
84,2015,1,Northeast,45,3.8000000000000003,44.3,32.2,1,26.8,9.15625,23.4,5.0,5.0,5.0,2.0,-2.0,-5.0,0.0,-1.0,0.0,-1.0,1.0,2.0
85,2015,2,Northeast,145,296.5,38.9,33.4,1,26.3,7.332142857142857,23.4,7.0,7.0,5.0,1.0,2.0,4.0,2.0,2.0,0.0,0.0,-1.0,-2.0
86,2015,3,Northeast,89,0.4,48.2,32.3,1,27.1,11.289285714285715,22.9,5.0,5.0,5.0,2.0,-2.0,-4.0,-2.0,-4.0,0.0,0.0,1.0,2.0
87,2015,4,Northeast,61,83.5,44.3,31.7,1,26.5,11.021428571428572,23.1,7.0,7.0,7.0,2.0,2.0,4.0,2.0,4.0,2.0,2.0,0.0,-1.0
88,2015,5,Northeast,80,0.2,48.2,32.6,1,26.8,10.742857142857144,22.4,6.0,5.0,6.0,1.0,-1.0,-3.0,-2.0,-4.0,-1.0,-3.0,-1.0,-1.0
89,2015,6,Northeast,66,68.8,50.0,31.4,1,26.1,11.310714285714285,22.9,4.0,4.0,5.0,1.0,-2.0,-1.0,-1.0,1.0,-1.0,0.0,0.0,1.0
90,2015,7,Northeast,33,0.0,50.0,32.7,0,26.6,12.878947368421052,22.4,6.0,4.0,3.0,0.0,2.0,4.0,0.0,1.0,-2.0,-1.0,-1.0,-1.0
91,2015,8,Northeast,31,45.5,46.4,33.7,1,27.2,10.875,22.5,6.0,6.0,5.0,1.0,0.0,-2.0,2.0,2.0,2.0,4.0,1.0,2.0
92,2015,9,Northeast,59,64.60000000000001,42.5,34.9,1,27.6,9.882142857142856,20.3,5.0,4.0,7.0,1.0,-1.0,-1.0,-2.0,-4.0,2.0,0.0,0.0,-1.0
93,2015,10,Northeast,34,102.6,42.5,35.4,1,27.8,8.278571428571428,23.0,7.0,6.0,8.0,2.0,2.0,3.0,2.0,4.0,1.0,-1.0,1.0,1.0
94,2015,11,Northeast,5,63.4,50.0,33.6,1,27.3,9.07857142857143,23.3,6.0,6.0,7.0,1.0,-1.0,-3.0,0.0,-2.0,-1.0,-2.0,-1.0,-2.0
95,2015,12,Northeast,21,379.5,59.4,34.8,1,27.8,6.810714285714285,22.1,5.0,5.0,5.0,2.0,-1.0,0.0,-1.0,-1.0,-2.0,-1.0,1.0,2.0
96,2015,13,Northeast,21,78.5,42.5,34.7,1,28.1,9.592857142857143,23.3,4.0,4.0,6.0,1.0,-1.0,0.0,-1.0,0.0,1.0,3.0,-1.0,-2.0
97,2015,14,Northeast,30,332.2,72.7,34.6,1,27.5,5.728571428571429,23.2,7.0,6.0,7.0,2.0,3.0,4.0,2.0,3.0,1.0,0.0,1.0,2.0
98,2015,15,Northeast,36,133.0,40.3,34.5,1,28.4,7.5321428571428575,23.6,6.0,5.0,6.0,2.0,-1.0,-4.0,-1.0,-3.0,-1.0,-2.0,0.0,-1.0
99,2015,16,Northeast,7,13.1,40.7,34.8,1,28.9,7.875,24.1,7.0,6.0,6.0,2.0,1.0,2.0,1.0,2.0,0.0,1.0,0.0,0.0
100,2015,17,Northeast,153,185.1,48.2,36.4,1,27.8,6.2749999999999995,22.6,6.0,4.0,7.0,1.0,-1.0,-2.0,-2.0,-3.0,1.0,1.0,-1.0,-1.0
101,2015,18,Northeast,153,480.4,42.5,34.5,1,27.3,5.432142857142857,23.2,5.0,5.0,9.0,2.0,-1.0,0.0,1.0,3.0,2.0,1.0,1.0,2.0
102,2015,19,Northeast,153,192.5,48.6,35.2,1,28.3,6.107142857142857,23.6,7.0,7.0,6.0,2.0,2.0,3.0,2.0,1.0,-3.0,-5.0,0.0,-1.0
103,2015,20,Northeast,153,163.7,38.9,34.5,1,28.4,6.196428571428571,23.9,8.0,6.0,6.0,1.0,1.0,-1.0,-1.0,-3.0,0.0,3.0,-1.0,-1.0
104,2015,21,Northeast,153,166.6,37.1,34.9,1,28.3,6.071428571428571,24.5,7.0,5.0,5.0,2.0,-1.0,-2.0,-1.0,0.0,-1.0,-1.0,1.0,2.0
105,2015,22,Northeast,153,77.1,38.9,34.7,1,28.8,6.935714285714285,24.2,6.0,6.0,7.0,1.0,-1.0,0.0,1.0,2.0,2.0,3.0,-1.0,-2.0
106,2015,23,Northeast,153,134.7,37.1,35.8,1,28.6,6.1571428571428575,24.1,6.0,6.0,6.0,2.0,0.0,1.0,0.0,-1.0,-1.0,-3.0,1.0,2.0
107,2015,24,Northeast,153,84.5,46.4,34.7,1,27.7,6.3500000000000005,23.5,7.0,7.0,7.0,3.0,1.0,1.0,1.0,1.0,1.0,2.0,1.0,0.0
108,2015,25,Northeast,153,42.1,42.5,34.3,1,28.5,7.335714285714286,22.8,8.0,8.0,8.0,2.0,1.0,0.0,1.0,0.0,1.0,0.0,-1.0,-2.0
109,2015,26,Northeast,153,1.0,38.9,35.5,1,29.8,8.810714285714285,25.5,8.0,7.0,7.0,2.0,0.0,-1.0,-1.0,-2.0,-1.0,-2.0,0.0,1.0
110,2015,27,Northeast,176,100.9,55.1,35.7,1,28.9,7.8428571428571425,22.0,7.0,7.0,6.0,2.0,-1.0,-1.0,0.0,1.0,-1.0,0.0,0.0,0.0
111,2015,28,Northeast,153,53.6,42.5,34.6,1,29.0,7.785714285714286,23.9,9.0,7.0,7.0,1.0,2.0,3.0,0.0,0.0,1.0,2.0,-1.0,-1.0
112,2015,29,Northeast,255,162.20000000000002,47.2,34.7,1,29.1,8.467857142857143,22.3,8.0,7.0,7.0,2.0,-1.0,-3.0,0.0,0.0,0.0,-1.0,1.0,2.0
113,2015,30,Northeast,153,38.9,39.2,35.2,1,29.1,8.14642857142857,23.9,7.0,6.0,5.0,2.0,-1.0,0.0,-1.0,-1.0,-2.0,-2.0,0.0,-1.0
114,2015,31,Northeast,153,76.4,42.5,34.0,1,28.1,8.253571428571428,22.9,5.0,6.0,7.0,1.0,-2.0,-1.0,0.0,1.0,2.0,4.0,-1.0,-1.0
115,2015,32,Northeast,353,253.9,45.0,32.8,1,27.0,6.8,21.7,5.0,6.0,6.0,1.0,0.0,2.0,0.0,0.0,-1.0,-3.0,0.0,1.0
116,2015,33,Northeast,397,119.3,43.6,33.7,1,28.3,7.989285714285714,24.2,6.0,6.0,7.0,1.0,1.0,1.0,0.0,0.0,1.0,2.0,0.0,0.0
117,2015,34,Northeast,104,15.1,44.3,34.5,1,28.8,8.532142857142857,24.0,6.0,5.0,7.0,1.0,0.0,-1.0,-1.0,-1.0,0.0,-1.0,0.0,0.0
118,2015,35,Northeast,85,86.10000000000001,48.2,34.1,1,28.7,8.678571428571429,23.4,5.0,5.0,6.0,2.0,-1.0,-1.0,0.0,1.0,-1.0,-1.0,1.0,1.0
119,2015,36,Northeast,74,0.6,40.7,34.7,1,29.1,8.764285714285714,25.0,6.0,6.0,5.0,1.0,1.0,2.0,1.0,1.0,-1.0,0.0,-1.0,-2.0
120,2015,37,Northeast,103,50.3,48.2,34.1,1,28.2,7.653571428571429,23.1,7.0,6.0,6.0,2.0,1.0,0.0,0.0,-1.0,1.0,2.0,1.0,2.0
121,2015,38,Northeast,116,64.5,40.7,34.4,1,28.2,7.335714285714286,23.7,7.0,5.0,5.0,1.0,0.0,-1.0,-1.0,-1.0,-1.0,-2.0,-1.0,-2.0
122,2015,39,Northeast,71,112.9,37.1,33.9,1,28.5,6.9071428571428575,24.5,8.0,7.0,8.0,1.0,1.0,1.0,2.0,3.0,3.0,4.0,0.0,1.0
123,2015,40,Northeast,89,367.4,73.8,33.2,1,27.9,6.535714285714286,22.5,7.0,7.0,6.0,1.0,-1.0,-2.0,0.0,-2.0,-2.0,-5.0,0.0,0.0
124,2015,41,Northeast,111,102.6,55.4,34.2,1,28.2,6.296428571428572,22.9,6.0,4.0,6.0,3.0,-1.0,0.0,-3.0,-3.0,0.0,2.0,2.0,2.0
125,2015,42,Northeast,66,9.1,38.9,34.9,1,29.0,6.992857142857143,24.4,7.0,6.0,7.0,1.0,1.0,2.0,2.0,5.0,1.0,1.0,-2.0,-4.0
126,2015,43,Northeast,49,57.099999999999994,40.0,35.1,1,29.0,7.439285714285715,23.3,6.0,6.0,5.0,1.0,-1.0,-2.0,0.0,-2.0,-2.0,-3.0,0.0,2.0
127,2015,44,Northeast,58,160.2,57.2,34.5,1,27.8,6.510714285714286,21.6,8.0,6.0,6.0,1.0,2.0,3.0,0.0,0.0,1.0,3.0,0.0,0.0
128,2015,45,Northeast,57,158.2,51.8,34.3,1,27.6,5.675,23.2,6.0,5.0,7.0,1.0,-2.0,-4.0,-1.0,-1.0,1.0,0.0,0.0,0.0
129,2015,46,Northeast,50,178.8,46.4,34.0,1,27.6,5.942857142857143,24.0,7.0,6.0,7.0,3.0,1.0,3.0,1.0,2.0,0.0,-1.0,2.0,2.0
130,2015,47,Northeast,41,333.5,44.3,33.6,1,27.4,6.067857142857143,23.2,7.0,6.0,6.0,2.0,0.0,-1.0,0.0,-1.0,-1.0,-1.0,-1.0,-3.0
131,2015,48,Northeast,55,194.9,35.3,34.5,1,27.5,6.178571428571429,23.8,6.0,6.0,7.0,2.0,-1.0,-1.0,0.0,0.0,1.0,2.0,0.0,1.0
132,2015,49,Northeast,72,479.9,58.0,34.2,1,27.2,6.303571428571429,22.8,7.0,7.0,5.0,2.0,1.0,2.0,1.0,1.0,-2.0,-3.0,0.0,0.0
133,2015,50,Northeast,51,303.1,53.6,34.5,1,27.2,6.596428571428571,23.3,11.0,10.0,8.0,3.0,4.0,3.0,3.0,2.0,3.0,5.0,1.0,1.0
134,2015,51,Northeast,60,31.6,48.2,33.4,1,27.6,7.825,23.6,6.0,6.0,9.0,2.0,-5.0,-9.0,-4.0,-7.0,1.0,-2.0,-1.0,-2.0
135,2015,52,Northeast,88,251.20000000000002,46.4,35.1,1,27.8,7.653571428571429,22.5,11.0,9.0,8.0,2.0,5.0,10.0,3.0,7.0,-1.0,-2.0,0.0,1.0
136,2015,53,Northeast,105,154.6,48.2,33.0,1,27.2,9.74375,23.5,0.0,0.0,0.0,0.0,0.0,0.0,0.0,0.0,0.0,0.0,0.0,0.0
137,2016,1,Northeast,142,2.6,44.3,33.8,1,28.4,10.053571428571429,23.6,14.0,13.0,6.0,3.0,-2.0,-7.0,-1.0,-6.0,-2.0,-2.0,1.0,1.0
138,2016,2,Northeast,162,238.39999999999998,48.2,34.0,1,28.0,7.828571428571428,23.2,13.0,12.0,11.0,2.0,-1.0,1.0,-1.0,0.0,5.0,7.0,-1.0,-2.0
139,2016,3,Northeast,231,52.8,53.6,34.4,1,28.2,8.735714285714286,24.6,19.0,17.0,12.0,2.0,6.0,7.0,5.0,6.0,1.0,-4.0,0.0,1.0
140,2016,4,Northeast,284,48.6,63.0,33.9,1,28.2,9.846428571428572,24.7,17.0,16.0,16.0,5.0,-2.0,-8.0,-1.0,-6.0,4.0,3.0,3.0,3.0
141,2016,5,Northeast,310,220.8,61.2,33.6,1,27.9,10.089285714285714,24.0,17.0,14.0,9.0,3.0,0.0,2.0,-2.0,-1.0,-7.0,-11.0,-2.0,-5.0
142,2016,6,Northeast,362,118.6,68.4,33.8,1,27.3,9.357142857142858,21.5,17.0,16.0,7.0,2.0,0.0,0.0,2.0,4.0,-2.0,5.0,-1.0,1.0
143,2016,7,Northeast,376,330.6,51.8,34.0,1,27.3,10.375,23.3,14.0,13.0,8.0,3.0,-3.0,-3.0,-3.0,-5.0,1.0,3.0,1.0,2.0
144,2016,8,Northeast,440,79.0,57.2,33.3,1,27.7,11.592857142857143,23.3,13.0,12.0,8.0,2.0,-1.0,2.0,-1.0,2.0,0.0,-1.0,-1.0,-2.0
145,2016,9,Northeast,365,4.6,51.8,34.5,1,28.4,12.442857142857141,24.7,11.0,10.0,7.0,2.0,-2.0,-1.0,-2.0,-1.0,-1.0,-1.0,0.0,1.0
146,2016,10,Northeast,266,100.0,38.9,34.9,1,28.5,8.971428571428572,24.3,11.0,10.0,8.0,1.0,0.0,2.0,0.0,2.0,1.0,2.0,-1.0,-1.0
147,2016,11,Northeast,186,14.4,42.5,34.8,1,28.6,8.782142857142857,23.6,8.0,8.0,7.0,2.0,-3.0,-3.0,-2.0,-2.0,-1.0,-2.0,1.0,2.0
148,2016,12,Northeast,208,104.2,55.4,34.9,1,28.7,8.675,23.2,10.0,10.0,7.0,1.0,2.0,5.0,2.0,4.0,0.0,1.0,-1.0,-2.0
149,2016,13,Northeast,188,70.6,46.4,35.4,1,29.1,10.732142857142858,24.3,10.0,10.0,7.0,2.0,0.0,-2.0,0.0,-2.0,0.0,0.0,1.0,2.0
150,2016,14,Northeast,224,80.6,37.1,36.0,1,29.1,8.003571428571428,24.2,10.0,9.0,8.0,3.0,0.0,0.0,-1.0,-1.0,1.0,1.0,1.0,0.0
151,2016,15,Northeast,124,106.2,42.5,36.7,1,29.5,6.925,24.3,8.0,7.0,7.0,3.0,-2.0,-2.0,-2.0,-1.0,-1.0,-2.0,0.0,-1.0
152,2016,16,Northeast,108,132.0,40.7,35.7,1,29.6,7.764285714285714,24.9,7.0,6.0,5.0,1.0,-1.0,1.0,-1.0,1.0,-2.0,-1.0,-2.0,-2.0
153,2016,17,Northeast,53,271.4,67.0,35.4,1,28.4,6.142857142857143,23.7,7.0,6.0,7.0,2.0,0.0,1.0,0.0,1.0,2.0,4.0,1.0,3.0
154,2016,18,Northeast,97,58.8,44.3,35.6,1,29.4,6.753571428571428,25.2,9.0,8.0,8.0,1.0,2.0,2.0,2.0,2.0,1.0,-1.0,-1.0,-2.0
155,2016,19,Northeast,85,338.0,57.2,36.1,1,28.7,6.357142857142857,24.5,6.0,6.0,10.0,3.0,-3.0,-5.0,-2.0,-4.0,2.0,1.0,2.0,3.0
156,2016,20,Northeast,153,363.4,64.4,34.8,1,28.4,6.471428571428571,23.7,8.0,7.0,8.0,3.0,2.0,5.0,1.0,3.0,-2.0,-4.0,0.0,-2.0
157,2016,21,Northeast,22,172.6,53.6,35.4,1,29.3,6.95,23.7,8.0,8.0,9.0,2.0,0.0,-2.0,1.0,0.0,1.0,3.0,-1.0,-1.0
158,2016,22,Northeast,25,198.0,51.8,34.6,1,27.8,5.8999999999999995,23.5,9.0,8.0,7.0,2.0,1.0,1.0,0.0,-1.0,-2.0,-3.0,0.0,1.0
159,2016,23,Northeast,33,215.4,46.4,34.6,1,28.4,6.325,22.2,7.0,7.0,9.0,2.0,-2.0,-3.0,-1.0,-1.0,2.0,4.0,0.0,0.0
160,2016,24,Northeast,42,373.0,44.3,33.9,1,27.4,5.925,23.8,8.0,7.0,8.0,1.0,1.0,3.0,0.0,1.0,-1.0,-3.0,-1.0,-1.0
161,2016,25,Northeast,15,227.4,55.4,34.8,1,28.0,6.603571428571429,22.4,9.0,8.0,9.0,2.0,1.0,0.0,1.0,1.0,1.0,2.0,1.0,2.0
162,2016,26,Northeast,38,1.0,34.2,36.0,1,29.9,7.542857142857143,25.4,7.0,7.0,7.0,3.0,-2.0,-3.0,-1.0,-2.0,-2.0,-3.0,1.0,0.0
163,2016,27,Northeast,41,26.6,48.2,35.4,1,29.5,8.028571428571428,23.8,9.0,9.0,7.0,1.0,2.0,4.0,2.0,3.0,0.0,2.0,-2.0,-3.0
164,2016,28,Northeast,73,289.59999999999997,51.8,35.1,1,27.7,6.121428571428572,23.7,8.0,8.0,6.0,3.0,-1.0,-3.0,-1.0,-3.0,-1.0,-1.0,2.0,4.0
165,2016,29,Northeast,91,400.59999999999997,53.6,34.0,1,26.9,6.153571428571429,22.7,9.0,8.0,8.0,1.0,1.0,2.0,0.0,1.0,2.0,3.0,-2.0,-4.0
166,2016,30,Northeast,63,162.4,65.5,34.2,1,27.7,5.561904761904762,21.2,10.0,9.0,8.0,3.0,1.0,0.0,1.0,1.0,0.0,-2.0,2.0,4.0
167,2016,31,Northeast,62,38.8,68.4,35.0,1,28.7,7.516666666666667,22.1,6.0,5.0,6.0,2.0,-4.0,-5.0,-4.0,-5.0,-2.0,-2.0,-1.0,-3.0
168,2016,32,Northeast,63,52.8,68.4,35.4,1,29.1,7.035714285714286,24.6,7.0,7.0,6.0,2.0,1.0,5.0,2.0,6.0,0.0,2.0,0.0,1.0
169,2016,33,Northeast,28,201.6,57.2,34.8,1,29.2,8.346428571428572,22.2,6.0,5.0,5.0,2.0,-1.0,-2.0,-2.0,-4.0,-1.0,-1.0,0.0,0.0
170,2016,34,Northeast,36,126.4,57.2,34.7,1,29.0,7.007692307692308,23.8,17.0,16.0,100.0,57.0,11.0,12.0,11.0,13.0,95.0,96.0,55.0,55.0
171,2016,35,Northeast,44,106.8,61.2,35.7,1,28.2,6.364285714285714,23.3,12.0,11.0,52.0,28.0,-5.0,-16.0,-5.0,-16.0,-48.0,-143.0,-29.0,-84.0
172,2016,36,Northeast,32,107.4,57.2,35.0,1,28.0,7.3428571428571425,22.8,9.0,10.0,25.0,8.0,-3.0,2.0,-1.0,4.0,-27.0,21.0,-20.0,9.0
173,2016,37,Northeast,14,189.2,59.4,34.5,1,27.9,6.682142857142857,22.2,8.0,8.0,16.0,6.0,-1.0,2.0,-2.0,-1.0,-9.0,18.0,-2.0,18.0
174,2016,38,Northeast,21,47.0,55.4,35.7,1,28.4,6.803571428571429,22.9,6.0,5.0,10.0,3.0,-2.0,-1.0,-3.0,-1.0,-6.0,3.0,-3.0,-1.0
175,2016,39,Northeast,23,53.2,72.4,36.8,1,28.8,6.728571428571429,22.5,7.0,6.0,6.0,2.0,1.0,3.0,1.0,4.0,-4.0,2.0,-1.0,2.0
176,2016,40,Northeast,3,258.4,42.5,35.5,1,27.7,6.078571428571429,21.9,10.0,7.0,10.0,3.0,3.0,2.0,1.0,0.0,4.0,8.0,1.0,2.0
177,2016,41,Northeast,7,98.2,53.6,35.5,1,29.1,7.757142857142857,22.7,5.0,5.0,7.0,2.0,-5.0,-8.0,-2.0,-3.0,-3.0,-7.0,-1.0,-2.0
178,2016,42,Northeast,15,151.8,63.0,34.8,1,28.5,6.553571428571429,22.2,5.0,5.0,8.0,2.0,0.0,5.0,0.0,2.0,1.0,4.0,0.0,1.0
179,2016,43,Northeast,4,290.8,42.5,33.7,1,26.8,5.878571428571428,22.5,5.0,4.0,7.0,1.0,0.0,0.0,-1.0,-1.0,-1.0,-2.0,-1.0,-1.0
180,2016,44,Northeast,4,219.6,63.7,33.8,1,27.6,6.242857142857143,22.2,4.0,3.0,5.0,1.0,-1.0,-1.0,-1.0,0.0,-2.0,-1.0,0.0,1.0
181,2016,45,Northeast,2,197.2,44.3,35.4,1,27.4,5.6571428571428575,23.1,3.0,3.0,8.0,1.0,-1.0,0.0,0.0,1.0,3.0,5.0,0.0,0.0
182,2016,46,Northeast,5,301.2,46.4,33.6,1,26.9,5.853571428571429,22.1,5.0,4.0,6.0,2.0,2.0,3.0,1.0,1.0,-2.0,-5.0,1.0,1.0
183,2016,47,Northeast,7,189.8,50.0,33.6,1,27.5,6.3999999999999995,23.8,4.0,3.0,7.0,2.0,-1.0,-3.0,-1.0,-2.0,1.0,3.0,0.0,-1.0
184,2016,48,Northeast,14,75.8,35.3,35.0,1,27.3,6.507142857142857,23.9,3.0,2.0,5.0,2.0,-1.0,0.0,-1.0,0.0,-2.0,-3.0,0.0,0.0
185,2016,49,Northeast,12,180.6,53.6,35.9,1,27.7,6.478571428571429,23.1,4.0,3.0,7.0,1.0,1.0,2.0,1.0,2.0,2.0,4.0,-1.0,-1.0
186,2016,50,Northeast,19,113.8,53.6,34.5,1,27.8,6.764285714285714,22.8,2.0,2.0,5.0,1.0,-2.0,-3.0,-1.0,-2.0,-2.0,-4.0,0.0,1.0
187,2016,51,Northeast,25,460.4,50.0,34.1,1,27.3,6.942857142857143,22.7,4.0,4.0,6.0,1.0,2.0,4.0,2.0,3.0,1.0,3.0,0.0,0.0
188,2016,52,Northeast,21,40.8,44.3,33.1,1,26.5,7.670833333333333,23.1,0.0,0.0,0.0,0.0,0.0,0.0,0.0,0.0,0.0,0.0,0.0,0.0
189,2016,53,Northeast,153,140.5,51.8,30.0,1,26.1,7.566666666666666,22.8,16.0,14.0,8.0,2.0,5.0,0.0,5.0,2.0,0.0,1.0,0.0,0.0
190,2017,1,Northeast,19,115.0,37.1,34.5,1,27.5,6.5,23.4,4.0,4.0,4.0,1.0,-1.0,-2.0,-1.0,-2.0,-2.0,-2.0,-1.0,-2.0
191,2017,2,Northeast,8,171.0,46.4,35.1,1,27.7,7.103571428571429,21.7,4.0,4.0,5.0,1.0,0.0,1.0,0.0,1.0,1.0,3.0,0.0,1.0
192,2017,3,Northeast,19,431.8,56.9,33.5,1,26.7,6.925,22.8,4.0,3.0,6.0,1.0,0.0,0.0,-1.0,-1.0,1.0,0.0,0.0,0.0
193,2017,4,Northeast,26,356.0,51.8,32.1,1,25.9,7.732142857142857,22.6,5.0,3.0,7.0,1.0,1.0,1.0,0.0,1.0,1.0,0.0,0.0,0.0
194,2017,5,Northeast,6,297.6,44.3,33.3,1,26.7,7.071428571428571,23.3,5.0,4.0,6.0,1.0,0.0,-1.0,1.0,1.0,-1.0,-2.0,0.0,0.0
195,2017,6,Northeast,4,153.1,68.4,33.9,1,26.7,9.568,23.2,3.0,2.0,6.0,3.0,-2.0,-2.0,-2.0,-3.0,0.0,1.0,2.0,2.0
196,2017,7,Northeast,153,48.4,55.4,32.9,1,26.6,12.62,22.5,4.0,3.0,7.0,2.0,1.0,3.0,1.0,3.0,1.0,1.0,-1.0,-3.0
197,2017,8,Northeast,153,247.8,59.4,32.7,1,26.8,7.807142857142857,23.1,4.0,4.0,5.0,2.0,0.0,-1.0,1.0,0.0,-2.0,-3.0,0.0,1.0
198,2017,9,Northeast,153,305.4,57.2,31.9,1,26.4,8.903571428571428,23.1,4.0,3.0,6.0,1.0,0.0,0.0,-1.0,-2.0,1.0,3.0,-1.0,-1.0
199,2017,10,Northeast,153,78.0,37.1,33.4,1,27.0,8.35,23.4,5.0,4.0,5.0,2.0,1.0,1.0,1.0,2.0,-1.0,-2.0,1.0,2.0
200,2017,11,Northeast,153,93.4,59.4,35.1,1,27.8,7.0249999999999995,24.0,4.0,3.0,7.0,2.0,-1.0,-2.0,-1.0,-2.0,2.0,3.0,0.0,-1.0
201,2017,12,Northeast,1,162.2,53.6,35.2,1,27.7,6.903571428571429,23.7,3.0,3.0,7.0,3.0,-1.0,0.0,0.0,1.0,0.0,-2.0,1.0,1.0
202,2017,13,Northeast,153,182.0,38.9,33.0,1,26.7,5.6571428571428575,23.3,7.0,5.0,8.0,3.0,4.0,5.0,2.0,2.0,1.0,1.0,0.0,-1.0
203,2017,14,Northeast,153,129.4,40.7,34.7,1,27.7,6.042857142857143,22.3,4.0,2.0,7.0,1.0,-3.0,-7.0,-3.0,-5.0,-1.0,-2.0,-2.0,-2.0
204,2017,15,Northeast,153,225.8,35.3,34.1,1,27.7,6.203571428571428,23.3,4.0,3.0,8.0,2.0,0.0,3.0,1.0,4.0,1.0,2.0,1.0,3.0
205,2017,16,Northeast,153,343.2,46.4,34.4,1,27.5,5.571428571428571,23.2,4.0,4.0,6.0,2.0,0.0,0.0,1.0,0.0,-2.0,-3.0,0.0,-1.0
206,2017,17,Northeast,4,157.6,41.8,34.8,1,27.3,5.388461538461538,23.7,5.0,5.0,6.0,2.0,1.0,1.0,1.0,0.0,0.0,2.0,0.0,0.0
207,2017,18,Northeast,4,117.8,42.5,33.4,1,28.2,5.270833333333333,24.8,4.0,5.0,8.0,1.0,-1.0,-2.0,0.0,-1.0,2.0,2.0,-1.0,-1.0
208,2017,19,Northeast,153,60.5,40.7,33.8,1,28.2,6.460714285714286,24.3,4.0,4.0,8.0,1.0,0.0,1.0,-1.0,-1.0,0.0,-2.0,0.0,1.0
209,2017,20,Northeast,2,150.1,42.5,34.6,1,28.7,7.61851851851852,24.2,5.0,5.0,6.0,1.0,1.0,1.0,1.0,2.0,-2.0,-2.0,0.0,0.0
210,2017,21,Northeast,153,265.6,61.2,34.0,1,27.9,6.739130434782608,22.6,6.0,5.0,7.0,2.0,1.0,0.0,0.0,-1.0,1.0,3.0,1.0,1.0
211,2017,22,Northeast,153,220.8,55.4,34.5,1,28.8,6.85,23.0,4.0,4.0,5.0,2.0,-2.0,-3.0,-1.0,-1.0,-2.0,-3.0,0.0,-1.0
212,2017,23,Northeast,153,20.3,38.9,34.4,1,29.2,7.296296296296297,24.4,4.0,4.0,7.0,1.0,0.0,2.0,0.0,1.0,2.0,4.0,-1.0,-1.0
213,2017,24,Northeast,1,251.7,53.6,34.5,1,28.4,6.277777777777778,23.2,3.0,3.0,5.0,1.0,-1.0,-1.0,-1.0,-1.0,-2.0,-4.0,0.0,1.0
214,2017,25,Northeast,2,67.0,63.0,33.7,1,27.9,5.888,23.6,4.0,4.0,6.0,2.0,1.0,2.0,1.0,2.0,1.0,3.0,1.0,1.0
215,2017,26,Northeast,7,115.10000000000001,37.1,33.7,1,27.5,5.779166666666666,23.2,5.0,4.0,7.0,3.0,1.0,0.0,0.0,-1.0,1.0,0.0,1.0,0.0
216,2017,27,Northeast,2,95.6,42.5,33.1,1,27.6,6.742307692307692,23.7,5.0,5.0,5.0,1.0,0.0,-1.0,1.0,1.0,-2.0,-3.0,-2.0,-3.0
217,2017,28,Northeast,5,293.4,45.0,33.7,1,27.1,6.8999999999999995,22.7,5.0,5.0,7.0,1.0,0.0,0.0,0.0,-1.0,2.0,4.0,0.0,2.0
218,2017,29,Northeast,6,0.0,40.7,33.5,0,28.7,8.417857142857143,24.6,4.0,4.0,6.0,1.0,-1.0,-1.0,-1.0,-1.0,-1.0,-3.0,0.0,0.0
219,2017,30,Northeast,6,40.0,64.8,33.4,1,28.9,9.139285714285714,24.4,3.0,3.0,6.0,2.0,-1.0,0.0,-1.0,0.0,0.0,1.0,1.0,1.0
220,2017,31,Northeast,11,33.5,44.3,34.0,1,29.1,9.864285714285714,24.9,3.0,3.0,6.0,2.0,0.0,1.0,0.0,1.0,0.0,0.0,0.0,-1.0
221,2017,32,Northeast,13,247.2,46.4,33.1,1,27.2,6.367857142857143,23.6,4.0,4.0,6.0,1.0,1.0,1.0,1.0,1.0,0.0,0.0,-1.0,-1.0
222,2017,33,Northeast,17,213.4,38.9,33.4,1,27.4,7.003703703703703,22.7,4.0,4.0,6.0,2.0,0.0,-1.0,0.0,-1.0,0.0,0.0,1.0,2.0
223,2017,34,Northeast,21,15.0,40.7,32.9,1,28.1,7.903703703703704,24.6,3.0,2.0,7.0,1.0,-1.0,-1.0,-2.0,-2.0,1.0,1.0,-1.0,-2.0
224,2017,35,Northeast,19,25.6,38.9,34.1,1,28.1,7.625,24.3,3.0,3.0,6.0,2.0,0.0,1.0,1.0,3.0,-1.0,-2.0,1.0,2.0
225,2017,36,Northeast,21,242.0,51.8,33.6,1,27.6,6.028571428571429,23.8,4.0,3.0,6.0,2.0,1.0,1.0,0.0,-1.0,0.0,1.0,0.0,-1.0
226,2017,37,Northeast,22,114.0,41.4,33.5,1,27.8,6.264285714285714,21.9,5.0,3.0,7.0,1.0,1.0,0.0,0.0,0.0,1.0,1.0,-1.0,-1.0
227,2017,38,Northeast,2,163.6,53.6,32.9,1,27.2,6.146428571428571,23.1,4.0,4.0,6.0,3.0,-1.0,-2.0,1.0,1.0,-1.0,-2.0,2.0,3.0
228,2017,39,Northeast,2,204.4,44.3,33.2,1,27.2,5.496428571428572,22.9,4.0,3.0,7.0,2.0,0.0,1.0,-1.0,-2.0,1.0,2.0,-1.0,-3.0
229,2017,40,Northeast,153,249.79999999999998,48.2,34.3,1,26.9,5.385714285714286,22.8,4.0,3.0,6.0,2.0,0.0,0.0,0.0,1.0,-1.0,-2.0,0.0,1.0
230,2017,41,Northeast,4,240.2,55.4,35.0,1,28.0,6.239285714285714,23.2,5.0,6.0,6.0,2.0,1.0,1.0,3.0,3.0,0.0,1.0,0.0,0.0
231,2017,42,Northeast,5,2.8000000000000003,46.4,35.2,1,29.4,6.425,24.7,4.0,4.0,6.0,2.0,-1.0,-2.0,-2.0,-5.0,0.0,0.0,0.0,0.0
232,2017,43,Northeast,153,201.8,57.6,34.6,1,27.3,5.503571428571428,23.0,4.0,5.0,5.0,1.0,0.0,1.0,1.0,3.0,-1.0,-1.0,-1.0,-1.0
233,2017,44,Northeast,153,264.0,64.8,33.7,1,27.1,5.571428571428571,22.9,4.0,4.0,6.0,2.0,0.0,0.0,-1.0,-2.0,1.0,2.0,1.0,2.0
234,2017,45,Northeast,2,702.0,59.4,33.1,1,26.4,5.333333333333333,22.8,4.0,4.0,8.0,1.0,0.0,0.0,0.0,1.0,2.0,1.0,-1.0,-2.0
235,2017,46,Northeast,153,363.6,63.0,33.4,1,27.3,6.5,23.1,4.0,4.0,6.0,2.0,0.0,0.0,0.0,0.0,-2.0,-4.0,1.0,2.0
236,2017,47,Northeast,153,126.2,46.4,33.9,1,26.9,6.376190476190477,23.1,3.0,4.0,6.0,2.0,-1.0,-1.0,0.0,0.0,0.0,2.0,0.0,-1.0
237,2017,48,Northeast,153,49.400000000000006,48.2,34.6,1,27.8,7.466666666666667,24.2,5.0,5.0,5.0,2.0,2.0,3.0,1.0,1.0,-1.0,-1.0,0.0,0.0
238,2017,49,Northeast,153,200.2,46.4,33.9,1,27.0,7.2318181818181815,23.9,5.0,5.0,4.0,2.0,0.0,-2.0,0.0,-1.0,-1.0,0.0,0.0,0.0
239,2017,50,Northeast,153,616.5,74.9,33.3,1,26.4,7.332142857142857,22.9,3.0,2.0,4.0,2.0,-2.0,-2.0,-3.0,-3.0,0.0,1.0,0.0,0.0
240,2017,51,Northeast,153,164.2,53.6,33.2,1,27.0,9.028571428571428,23.4,3.0,2.0,6.0,0.0,0.0,2.0,0.0,3.0,2.0,2.0,-2.0,-2.0
241,2017,52,Northeast,6,646.4,69.5,32.5,1,26.6,7.834375,22.7,5.0,5.0,6.0,2.0,1.0,-1.0,1.0,-1.0,0.0,-1.0,1.0,1.0
242,2017,52,Northeast,6,646.4,69.5,32.5,1,26.6,7.834375,22.7,4.0,3.0,5.0,2.0,1.0,1.0,1.0,1.0,-1.0,-3.0,2.0,4.0
243,2018,1,Northeast,14,369.0,52.6,33.0,1,26.0,6.825806451612903,23.2,4.0,4.0,6.0,1.0,0.0,-1.0,1.0,0.0,1.0,2.0,-1.0,-3.0
244,2018,2,Northeast,14,640.8,56.9,33.1,1,24.2,6.78888888888889,21.3,4.0,3.0,5.0,2.0,0.0,0.0,-1.0,-2.0,-1.0,-2.0,1.0,2.0
245,2018,3,Northeast,78,112.8,59.0,33.9,1,26.5,7.955555555555556,22.2,5.0,6.0,7.0,1.0,1.0,1.0,3.0,4.0,2.0,3.0,-1.0,-2.0
246,2018,4,Northeast,90,314.4,60.5,33.2,1,26.7,7.321428571428571,21.8,3.0,2.0,4.0,1.0,-2.0,-3.0,-4.0,-7.0,-3.0,-5.0,0.0,1.0
247,2018,5,Northeast,101,359.4,92.5,34.3,1,27.0,10.307142857142859,21.2,3.0,3.0,5.0,1.0,0.0,2.0,1.0,5.0,1.0,4.0,0.0,0.0
248,2018,6,Northeast,102,0.2,59.4,32.9,1,26.3,12.37857142857143,22.0,5.0,3.0,5.0,1.0,2.0,2.0,0.0,-1.0,0.0,-1.0,0.0,0.0
249,2018,7,Northeast,103,81.0,50.0,33.8,1,27.0,10.510714285714286,22.6,4.0,3.0,7.0,2.0,-1.0,-3.0,0.0,0.0,2.0,2.0,1.0,1.0
250,2018,8,Northeast,153,14.4,41.4,33.7,1,27.1,10.435714285714285,23.1,3.0,3.0,7.0,1.0,-1.0,0.0,0.0,0.0,0.0,-2.0,-1.0,-2.0
251,2018,9,Northeast,153,272.6,42.5,34.2,1,27.4,9.62142857142857,23.6,3.0,3.0,7.0,2.0,0.0,1.0,0.0,0.0,0.0,0.0,1.0,2.0
252,2018,10,Northeast,153,110.6,68.0,34.5,1,27.4,10.285714285714286,23.6,4.0,3.0,8.0,2.0,1.0,1.0,0.0,0.0,1.0,1.0,0.0,-1.0
253,2018,11,Northeast,3,18.8,66.6,35.1,1,28.2,10.117857142857144,23.9,4.0,4.0,5.0,1.0,0.0,-1.0,1.0,1.0,-3.0,-4.0,-1.0,-1.0
254,2018,12,Northeast,153,19.8,40.7,34.5,1,28.0,9.578571428571427,23.4,3.0,3.0,8.0,2.0,-1.0,-1.0,-1.0,-2.0,3.0,6.0,1.0,2.0
255,2018,13,Northeast,153,201.4,52.6,34.1,1,26.6,7.9071428571428575,22.1,4.0,3.0,9.0,2.0,1.0,2.0,0.0,1.0,1.0,-2.0,0.0,-1.0
256,2018,14,Northeast,153,93.8,48.2,34.3,1,28.1,9.85,23.9,3.0,2.0,8.0,3.0,-1.0,-2.0,-1.0,-1.0,-1.0,-2.0,1.0,1.0
257,2018,15,Northeast,153,123.4,49.7,34.9,1,28.3,9.707142857142857,24.0,2.0,2.0,7.0,1.0,-1.0,0.0,0.0,1.0,-1.0,0.0,-2.0,-3.0
258,2018,16,Northeast,153,203.6,51.8,34.3,1,27.4,8.988,23.4,2.0,3.0,8.0,3.0,0.0,1.0,1.0,1.0,1.0,2.0,2.0,4.0
259,2018,17,Northeast,153,274.0,53.6,35.0,1,27.8,8.196296296296296,22.1,6.0,6.0,7.0,2.0,4.0,4.0,3.0,2.0,-1.0,-2.0,-1.0,-3.0
260,2018,18,Northeast,153,191.2,59.4,35.0,1,28.0,8.196428571428571,23.7,11.0,9.0,10.0,3.0,5.0,1.0,3.0,0.0,3.0,4.0,1.0,2.0
261,2018,19,Northeast,153,19.8,53.3,35.2,1,29.5,9.688461538461539,24.9,4.0,5.0,6.0,2.0,-7.0,-12.0,-4.0,-7.0,-4.0,-7.0,-1.0,-2.0
262,2018,20,Northeast,153,334.8,64.8,34.7,1,27.7,8.348148148148148,22.7,7.0,7.0,8.0,2.0,3.0,10.0,2.0,6.0,2.0,6.0,0.0,1.0
263,2018,21,Northeast,153,250.2,51.8,34.4,1,28.2,7.888888888888889,23.2,5.0,4.0,8.0,2.0,-2.0,-5.0,-3.0,-5.0,0.0,-2.0,0.0,0.0
264,2018,22,Northeast,153,390.4,68.4,33.9,1,27.7,7.066666666666667,22.6,4.0,4.0,9.0,2.0,-1.0,1.0,0.0,3.0,1.0,1.0,0.0,0.0
265,2018,23,Northeast,153,31.6,53.6,34.6,1,29.3,9.610714285714286,23.1,5.0,4.0,7.0,1.0,1.0,2.0,0.0,0.0,-2.0,-3.0,-1.0,-1.0
266,2018,24,Northeast,153,224.2,74.2,33.7,1,28.3,9.4125,21.8,4.0,4.0,7.0,2.0,-1.0,-2.0,0.0,0.0,0.0,2.0,1.0,2.0
267,2018,25,Northeast,153,250.6,55.4,33.1,1,27.0,8.622222222222222,23.0,5.0,4.0,9.0,2.0,1.0,2.0,0.0,0.0,2.0,2.0,0.0,-1.0
268,2018,26,Northeast,3,307.4,50.8,32.6,1,26.2,8.028571428571428,22.1,4.0,3.0,7.0,3.0,-1.0,-2.0,-1.0,-1.0,-2.0,-4.0,1.0,1.0
269,2018,27,Northeast,9,122.0,56.9,32.5,1,27.8,9.353571428571428,22.3,3.0,5.0,7.0,2.0,-1.0,0.0,2.0,3.0,0.0,2.0,-1.0,-2.0
270,2018,28,Northeast,18,73.2,51.8,34.0,1,27.9,10.414285714285715,21.6,3.0,3.0,7.0,2.0,0.0,1.0,-2.0,-4.0,0.0,0.0,0.0,1.0
271,2018,29,Northeast,16,112.60000000000001,60.5,32.9,1,28.5,10.775,23.2,4.0,4.0,5.0,2.0,1.0,1.0,1.0,3.0,-2.0,-2.0,0.0,0.0
272,2018,30,Northeast,2,81.2,51.1,33.6,1,28.7,10.546428571428573,23.5,5.0,2.0,9.0,1.0,1.0,0.0,-2.0,-3.0,4.0,6.0,-1.0,-1.0
273,2018,31,Northeast,3,174.0,57.2,32.5,1,27.4,10.407142857142857,23.3,4.0,4.0,6.0,2.0,-1.0,-2.0,2.0,4.0,-3.0,-7.0,1.0,2.0
274,2018,32,Northeast,153,19.0,76.0,34.5,1,28.3,11.107142857142858,21.8,3.0,4.0,6.0,2.0,-1.0,0.0,0.0,-2.0,0.0,3.0,0.0,-1.0
275,2018,33,Northeast,153,6.800000000000001,48.2,33.8,1,29.1,13.214814814814815,25.1,4.0,3.0,6.0,1.0,1.0,2.0,-1.0,-1.0,0.0,0.0,-1.0,-1.0
276,2018,34,Northeast,153,251.4,66.6,33.6,1,27.9,10.728571428571428,21.9,3.0,3.0,6.0,2.0,-1.0,-2.0,0.0,1.0,0.0,0.0,1.0,2.0
277,2018,35,Northeast,153,119.6,50.0,33.4,1,27.5,10.914285714285715,23.1,4.0,3.0,6.0,2.0,1.0,2.0,0.0,0.0,0.0,0.0,0.0,-1.0
278,2018,36,Northeast,3,278.2,70.2,32.7,1,26.6,9.825000000000001,22.1,3.0,3.0,5.0,2.0,-1.0,-2.0,0.0,0.0,-1.0,-1.0,0.0,0.0
279,2018,37,Northeast,8,15.4,66.6,33.6,1,27.6,11.260714285714286,23.7,4.0,4.0,6.0,1.0,1.0,2.0,1.0,1.0,1.0,2.0,-1.0,-1.0
280,2018,38,Northeast,153,446.8,54.7,33.5,1,27.0,10.0,21.4,4.0,4.0,6.0,2.0,0.0,-1.0,0.0,-1.0,0.0,-1.0,1.0,2.0
281,2018,39,Northeast,2,8.399999999999999,38.9,34.0,1,28.9,10.375,24.3,3.0,3.0,6.0,1.0,-1.0,-1.0,-1.0,-1.0,0.0,0.0,-1.0,-2.0
282,2018,40,Northeast,3,87.6,60.5,34.2,1,28.8,10.882142857142856,23.3,3.0,3.0,5.0,2.0,0.0,1.0,0.0,1.0,-1.0,-1.0,1.0,2.0
283,2018,41,Northeast,7,623.8,42.5,32.7,1,26.2,8.15,23.0,3.0,3.0,6.0,1.0,0.0,0.0,0.0,0.0,1.0,2.0,-1.0,-2.0
284,2018,42,Northeast,4,89.0,48.2,34.0,1,27.7,5.8238095238095235,22.9,3.0,3.0,6.0,2.0,0.0,0.0,0.0,0.0,0.0,-1.0,1.0,2.0
285,2018,43,Northeast,5,348.0,55.8,34.1,1,27.3,5.395238095238095,22.6,4.0,3.0,6.0,1.0,1.0,1.0,0.0,0.0,0.0,0.0,-1.0,-2.0
286,2018,44,Northeast,9,216.6,46.1,33.5,1,26.7,5.89,23.7,4.0,4.0,6.0,1.0,0.0,-1.0,1.0,1.0,0.0,0.0,0.0,1.0
287,2018,45,Northeast,153,189.2,39.2,34.2,1,26.9,5.2176470588235295,23.1,4.0,3.0,9.0,2.0,0.0,0.0,-1.0,-2.0,3.0,3.0,1.0,1.0
288,2018,46,Northeast,4,309.8,63.0,32.7,1,26.8,5.785714285714286,22.3,4.0,3.0,7.0,2.0,0.0,0.0,0.0,1.0,-2.0,-5.0,0.0,-1.0
289,2018,47,Northeast,6,416.6,63.0,33.7,1,27.0,5.852380952380953,22.6,5.0,6.0,10.0,2.0,1.0,1.0,3.0,3.0,3.0,5.0,0.0,0.0
290,2018,48,Northeast,7,263.8,51.1,34.0,1,27.1,6.79047619047619,23.6,6.0,5.0,7.0,1.0,1.0,0.0,-1.0,-4.0,-3.0,-6.0,-1.0,-1.0
291,2018,49,Northeast,2,198.2,36.0,33.2,1,27.1,5.714285714285714,24.0,5.0,4.0,8.0,3.0,-1.0,-2.0,-1.0,0.0,1.0,4.0,2.0,3.0
292,2018,50,Northeast,1,421.8,36.4,32.7,1,26.4,6.814285714285714,23.4,6.0,5.0,8.0,2.0,1.0,2.0,1.0,2.0,0.0,-1.0,-1.0,-3.0
293,2018,51,Northeast,153,233.6,63.0,34.2,1,27.4,7.60952380952381,22.9,5.0,4.0,5.0,2.0,-1.0,-2.0,-1.0,-2.0,-3.0,-3.0,0.0,1.0
294,2018,52,Northeast,153,24.799999999999997,53.6,34.7,1,28.0,6.8047619047619055,23.3,5.0,4.0,6.0,2.0,0.0,1.0,0.0,1.0,1.0,4.0,0.0,0.0
295,2019,1,Northeast,153,82.6,50.0,34.0,1,28.2,10.441935483870967,23.9,8.0,7.0,6.0,1.0,3.0,3.0,3.0,3.0,0.0,-1.0,-1.0,-1.0
296,2019,2,Northeast,12,47.0,49.7,33.6,1,28.0,12.1,23.6,8.0,7.0,7.0,1.0,0.0,-3.0,0.0,-3.0,1.0,1.0,0.0,1.0
297,2019,3,Northeast,41,280.8,50.8,33.0,1,27.2,11.046428571428573,23.0,8.0,7.0,6.0,1.0,0.0,0.0,0.0,0.0,-1.0,-2.0,0.0,0.0
298,2019,4,Northeast,48,7.6,57.2,32.7,1,27.4,13.942857142857141,23.6,6.0,5.0,7.0,2.0,-2.0,-2.0,-2.0,-2.0,1.0,2.0,1.0,1.0
299,2019,5,Northeast,66,2.0,55.4,33.4,1,27.6,13.739285714285714,23.9,8.0,7.0,6.0,2.0,2.0,4.0,2.0,4.0,-1.0,-2.0,0.0,-1.0
300,2019,6,Northeast,153,10.799999999999999,49.7,34.6,1,28.1,12.178571428571429,23.0,10.0,10.0,7.0,1.0,2.0,0.0,3.0,1.0,1.0,2.0,-1.0,-1.0
301,2019,7,Northeast,153,101.4,70.2,34.5,1,27.9,16.325925925925926,22.0,8.0,7.0,9.0,3.0,-2.0,-4.0,-3.0,-6.0,2.0,1.0,2.0,3.0
302,2019,8,Northeast,153,67.0,105.5,33.6,1,27.5,13.143478260869566,22.5,6.0,5.0,7.0,3.0,-2.0,0.0,-2.0,1.0,-2.0,-4.0,0.0,-2.0
303,2019,9,Northeast,153,2.4,91.4,34.2,1,27.9,14.395833333333334,22.6,6.0,6.0,9.0,3.0,0.0,2.0,1.0,3.0,2.0,4.0,0.0,0.0
304,2019,10,Northeast,153,69.0,49.3,35.0,1,28.6,10.148148148148149,22.8,5.0,4.0,8.0,3.0,-1.0,-1.0,-2.0,-3.0,-1.0,-3.0,0.0,0.0
305,2019,11,Northeast,153,157.4,59.4,35.7,1,28.3,13.01923076923077,21.6,6.0,6.0,6.0,2.0,1.0,2.0,2.0,4.0,-2.0,-1.0,-1.0,-1.0
306,2019,12,Northeast,153,190.70000000000002,73.4,35.3,1,28.3,11.556,22.7,5.0,4.0,6.0,2.0,-1.0,-2.0,-2.0,-4.0,0.0,2.0,0.0,1.0
307,2019,13,Northeast,153,180.8,82.8,34.4,1,28.2,10.74,21.5,4.0,4.0,7.0,2.0,-1.0,0.0,0.0,2.0,1.0,1.0,0.0,0.0
308,2019,14,Northeast,15,111.2,60.1,34.9,1,28.0,8.566666666666666,22.5,7.0,6.0,8.0,2.0,3.0,4.0,2.0,2.0,1.0,0.0,0.0,0.0
309,2019,15,Northeast,19,76.0,97.9,34.2,1,28.3,9.445833333333333,24.7,6.0,6.0,9.0,2.0,-1.0,-4.0,0.0,-2.0,1.0,0.0,0.0,0.0
310,2019,16,Northeast,28,115.4,58.7,35.3,1,29.4,9.891304347826088,24.6,6.0,6.0,10.0,2.0,0.0,1.0,0.0,0.0,1.0,0.0,0.0,0.0
311,2019,17,Northeast,41,151.4,47.5,35.6,1,28.1,6.225,23.7,6.0,6.0,8.0,1.0,0.0,0.0,0.0,0.0,-2.0,-3.0,-1.0,-1.0
312,2019,18,Northeast,33,105.0,41.8,34.6,1,28.5,6.809523809523809,24.0,8.0,7.0,10.0,3.0,2.0,2.0,1.0,1.0,2.0,4.0,2.0,3.0
313,2019,19,Northeast,28,298.0,63.0,34.7,1,28.8,6.590476190476191,23.1,7.0,6.0,10.0,2.0,-1.0,-3.0,-1.0,-2.0,0.0,-2.0,-1.0,-3.0
314,2019,20,Northeast,47,106.2,44.3,34.3,1,28.2,7.195,23.2,7.0,7.0,9.0,2.0,0.0,1.0,1.0,2.0,-1.0,-1.0,0.0,1.0
315,2019,21,Northeast,21,12.8,42.5,34.7,1,28.8,8.257142857142858,25.1,12.0,11.0,9.0,3.0,5.0,5.0,4.0,3.0,0.0,1.0,1.0,1.0
316,2019,22,Northeast,34,164.4,43.9,34.1,1,28.6,8.28,23.1,9.0,8.0,9.0,3.0,-3.0,-8.0,-3.0,-7.0,0.0,0.0,0.0,-1.0
317,2019,23,Northeast,52,202.6,35.3,32.9,1,27.2,7.358823529411764,23.5,10.0,9.0,11.0,2.0,1.0,4.0,1.0,4.0,2.0,2.0,-1.0,-1.0
318,2019,24,Northeast,45,201.0,42.5,33.9,1,28.3,8.789473684210526,24.0,15.0,14.0,9.0,3.0,5.0,4.0,5.0,4.0,-2.0,-4.0,1.0,2.0
319,2019,25,Northeast,71,203.4,63.0,33.1,1,27.5,8.428571428571429,22.7,16.0,15.0,10.0,3.0,1.0,-4.0,1.0,-4.0,1.0,3.0,0.0,-1.0
320,2019,26,Northeast,92,18.400000000000002,46.4,33.4,1,28.7,10.004761904761905,24.9,14.0,13.0,9.0,3.0,-2.0,-3.0,-2.0,-3.0,-1.0,-2.0,0.0,0.0
321,2019,27,Northeast,124,86.4,51.8,34.5,1,28.8,10.219047619047618,23.4,15.0,14.0,9.0,2.0,1.0,3.0,1.0,3.0,0.0,1.0,-1.0,-1.0
322,2019,28,Northeast,123,113.0,50.4,33.7,1,28.6,10.847619047619048,22.8,18.0,16.0,10.0,3.0,3.0,2.0,2.0,1.0,1.0,1.0,1.0,2.0
323,2019,29,Northeast,184,57.8,42.5,34.3,1,28.3,10.576190476190476,23.0,16.0,14.0,10.0,2.0,-2.0,-5.0,-2.0,-4.0,0.0,-1.0,-1.0,-2.0
324,2019,30,Northeast,244,37.800000000000004,42.8,33.6,1,28.1,10.033333333333333,23.5,21.0,18.0,10.0,3.0,5.0,7.0,4.0,6.0,0.0,0.0,1.0,2.0
325,2019,31,Northeast,153,0.4,40.7,34.3,1,29.1,11.442857142857143,24.2,19.0,18.0,11.0,3.0,-2.0,-7.0,0.0,-4.0,1.0,1.0,0.0,-1.0
326,2019,32,Northeast,368,19.8,40.7,34.1,1,28.8,11.395238095238096,24.8,17.0,16.0,9.0,2.0,-2.0,0.0,-2.0,-2.0,-2.0,-3.0,-1.0,-1.0
327,2019,33,Northeast,379,54.6,42.5,33.9,1,29.2,11.785714285714286,24.7,15.0,14.0,10.0,2.0,-2.0,0.0,-2.0,0.0,1.0,3.0,0.0,1.0
328,2019,34,Northeast,354,1.2,43.2,34.2,1,29.2,12.133333333333335,25.0,12.0,11.0,10.0,2.0,-3.0,-1.0,-3.0,-1.0,0.0,-1.0,0.0,0.0
329,2019,35,Northeast,414,140.1,50.0,33.9,1,27.8,10.609523809523811,23.1,12.0,11.0,7.0,2.0,0.0,3.0,0.0,3.0,-3.0,-3.0,0.0,0.0
330,2019,36,Northeast,380,93.0,38.2,34.4,1,29.0,11.719047619047618,23.5,11.0,11.0,10.0,3.0,-1.0,-1.0,0.0,0.0,3.0,6.0,1.0,1.0
331,2019,37,Northeast,319,11.399999999999999,37.1,34.5,1,28.7,11.057142857142857,24.5,12.0,11.0,9.0,2.0,1.0,2.0,0.0,0.0,-1.0,-4.0,-1.0,-2.0
332,2019,38,Northeast,377,0.0,42.5,34.1,0,28.9,12.038095238095238,24.1,9.0,8.0,10.0,2.0,-3.0,-4.0,-3.0,-3.0,1.0,2.0,0.0,1.0
333,2019,39,Northeast,365,314.3,44.3,34.9,1,27.7,10.238095238095237,21.1,7.0,7.0,9.0,3.0,-2.0,1.0,-1.0,2.0,-1.0,-2.0,1.0,1.0
334,2019,40,Northeast,167,259.9,46.4,34.3,1,26.6,9.247619047619047,21.1,8.0,7.0,7.0,2.0,1.0,3.0,0.0,1.0,-2.0,-1.0,-1.0,-2.0
335,2019,41,Northeast,168,212.1,48.2,34.5,1,26.9,9.071428571428571,21.5,9.0,8.0,10.0,2.0,1.0,0.0,1.0,1.0,3.0,5.0,0.0,1.0
336,2019,42,Northeast,210,86.5,46.4,34.4,1,27.7,9.390476190476189,22.8,8.0,8.0,8.0,3.0,-1.0,-2.0,0.0,-1.0,-2.0,-5.0,1.0,1.0
337,2019,43,Northeast,260,242.0,60.5,33.5,1,26.8,7.179166666666667,22.9,7.0,6.0,9.0,3.0,-1.0,0.0,-2.0,-2.0,1.0,3.0,0.0,-1.0
338,2019,44,Northeast,307,181.0,46.4,34.3,1,27.3,6.825,22.6,10.0,9.0,10.0,2.0,3.0,4.0,3.0,5.0,1.0,0.0,-1.0,-1.0
339,2019,45,Northeast,317,135.8,57.2,34.9,1,28.0,6.853571428571429,22.4,11.0,11.0,8.0,3.0,1.0,-2.0,2.0,-1.0,-2.0,-3.0,1.0,2.0
340,2019,46,Northeast,410,49.4,54.4,34.3,1,27.5,7.182142857142857,22.8,11.0,11.0,7.0,2.0,0.0,-1.0,0.0,-2.0,-1.0,1.0,-1.0,-2.0
341,2019,47,Northeast,512,156.0,53.6,34.5,1,26.4,7.792857142857143,23.3,11.0,10.0,8.0,2.0,0.0,0.0,-1.0,-1.0,1.0,2.0,0.0,1.0
342,2019,48,Northeast,623,302.0,53.6,34.5,1,27.3,7.504,23.0,7.0,7.0,7.0,2.0,-4.0,-4.0,-3.0,-2.0,-1.0,-2.0,0.0,0.0
343,2019,49,Northeast,707,127.4,50.4,32.7,1,27.1,11.064,21.8,7.0,7.0,7.0,1.0,0.0,4.0,0.0,3.0,0.0,1.0,-1.0,-1.0
344,2019,50,Northeast,686,889.6,47.5,31.6,1,24.7,8.764,22.1,7.0,7.0,9.0,2.0,0.0,0.0,0.0,0.0,2.0,2.0,1.0,2.0
345,2019,51,Northeast,664,76.8,38.5,31.1,1,26.1,8.628571428571428,22.1,10.0,9.0,7.0,2.0,3.0,3.0,2.0,2.0,-2.0,-4.0,0.0,-1.0
346,2019,52,Northeast,662,71.0,43.2,32.6,1,26.9,11.039285714285715,23.1,9.0,8.0,8.0,2.0,-1.0,-4.0,-1.0,-3.0,1.0,3.0,0.0,0.0
347,2020,1,Northeast,661,2.2,47.9,32.9,1,27.6,12.95,24.7,10.0,9.0,8.0,2.0,1.0,2.0,1.0,2.0,0.0,-1.0,0.0,0.0
348,2020,2,Northeast,662,84.1,48.2,33.0,1,27.1,11.192857142857141,23.5,13.0,12.0,9.0,2.0,3.0,2.0,3.0,2.0,1.0,1.0,0.0,0.0
349,2020,3,Northeast,743,4.8,43.9,34.0,1,27.8,12.210714285714285,23.9,9.0,8.0,6.0,1.0,-4.0,-7.0,-4.0,-7.0,-3.0,-4.0,-1.0,-1.0
350,2020,4,Northeast,656,78.8,50.0,33.7,1,27.7,12.514285714285716,23.8,9.0,8.0,9.0,2.0,0.0,4.0,0.0,4.0,3.0,6.0,1.0,2.0
351,2020,5,Northeast,605,350.9,52.6,33.4,1,27.5,11.85,23.0,8.0,7.0,7.0,2.0,-1.0,-1.0,-1.0,-1.0,-2.0,-5.0,0.0,-1.0
352,2020,6,Northeast,557,73.6,45.7,32.9,1,27.2,12.264285714285714,22.9,17.0,16.0,9.0,3.0,9.0,10.0,9.0,10.0,2.0,4.0,1.0,1.0
353,2020,7,Northeast,572,272.4,42.5,34.0,1,27.3,10.548,23.2,16.0,16.0,11.0,3.0,-1.0,-10.0,0.0,-9.0,2.0,0.0,0.0,-1.0
354,2020,8,Northeast,651,65.0,61.2,32.9,1,27.4,15.895238095238096,23.6,12.0,11.0,8.0,2.0,-4.0,-3.0,-5.0,-5.0,-3.0,-5.0,-1.0,-1.0
355,2020,9,Northeast,662,9.4,55.4,32.7,1,27.7,15.47142857142857,23.6,12.0,11.0,8.0,3.0,0.0,4.0,0.0,5.0,0.0,3.0,1.0,2.0
356,2020,10,Northeast,604,97.6,43.9,34.5,1,27.8,11.4125,23.6,10.0,10.0,9.0,3.0,-2.0,-2.0,-1.0,-1.0,1.0,1.0,0.0,-1.0
357,2020,11,Northeast,600,33.8,51.8,35.6,1,28.7,9.060869565217391,23.8,9.0,8.0,7.0,2.0,-1.0,1.0,-2.0,-1.0,-2.0,-3.0,-1.0,-1.0
358,2020,12,Northeast,400,100.6,46.4,33.7,1,27.9,11.218518518518518,23.1,12.0,12.0,9.0,3.0,3.0,4.0,4.0,6.0,2.0,4.0,1.0,2.0
359,2020,13,Northeast,366,139.8,48.6,34.3,1,28.1,10.299999999999999,23.5,8.0,8.0,8.0,3.0,-4.0,-7.0,-4.0,-8.0,-1.0,-3.0,0.0,-1.0
360,2020,14,Northeast,242,205.6,49.6,35.5,1,28.5,9.674999999999999,23.4,7.0,6.0,9.0,2.0,-1.0,3.0,-2.0,2.0,1.0,2.0,-1.0,-1.0
361,2020,15,Northeast,292,271.0,46.3,34.1,1,27.8,9.084615384615386,21.6,7.0,6.0,8.0,2.0,0.0,1.0,0.0,2.0,-1.0,-2.0,0.0,1.0
362,2020,16,Northeast,204,50.0,48.5,35.0,1,29.1,10.71923076923077,24.0,10.0,10.0,12.0,2.0,3.0,3.0,4.0,4.0,4.0,5.0,0.0,0.0
363,2020,17,Northeast,214,193.5,44.4,34.7,1,28.1,8.357692307692307,23.9,8.0,8.0,12.0,3.0,-2.0,-5.0,-2.0,-6.0,0.0,-4.0,1.0,1.0
364,2020,18,Northeast,263,160.8,50.0,33.4,1,27.8,8.014285714285714,23.9,8.0,7.0,12.0,4.0,0.0,2.0,-1.0,1.0,0.0,0.0,1.0,0.0
365,2020,19,Northeast,268,172.60000000000002,69.8,35.2,1,28.6,8.4625,23.6,12.0,11.0,14.0,4.0,4.0,4.0,4.0,5.0,2.0,2.0,0.0,-1.0
366,2020,20,Northeast,363,133.8,49.6,34.4,1,28.9,9.554545454545455,24.2,11.0,10.0,13.0,3.0,-1.0,-5.0,-1.0,-5.0,-1.0,-3.0,-1.0,-1.0
367,2020,21,Northeast,453,95.2,52.2,35.2,1,28.5,7.972727272727273,24.4,12.0,11.0,12.0,3.0,1.0,2.0,1.0,2.0,-1.0,0.0,0.0,1.0
368,2020,22,Northeast,536,186.6,47.6,34.9,1,28.0,7.422727272727273,22.3,18.0,17.0,15.0,4.0,6.0,5.0,6.0,5.0,3.0,4.0,1.0,1.0
369,2020,23,Northeast,555,161.0,46.3,34.4,1,27.2,7.708695652173914,22.1,23.0,22.0,18.0,4.0,5.0,-1.0,5.0,-1.0,3.0,0.0,0.0,-1.0
370,2020,24,Northeast,153,144.6,42.6,34.3,1,27.3,7.969565217391305,22.6,27.0,26.0,19.0,4.0,4.0,-1.0,4.0,-1.0,1.0,-2.0,0.0,0.0
371,2020,25,Northeast,153,329.2,63.0,33.6,1,27.0,6.271428571428571,23.5,30.0,29.0,20.0,5.0,3.0,-1.0,3.0,-1.0,1.0,0.0,1.0,1.0
372,2020,26,Northeast,153,200.6,68.7,32.7,1,27.3,7.879166666666666,22.8,26.0,25.0,20.0,5.0,-4.0,-7.0,-4.0,-7.0,0.0,-1.0,0.0,-1.0
373,2020,27,Northeast,917,46.400000000000006,41.9,33.9,1,28.2,7.985714285714286,22.0,24.0,23.0,16.0,5.0,-2.0,2.0,-2.0,2.0,-4.0,-4.0,0.0,0.0
374,2020,28,Northeast,153,76.2,66.7,33.3,1,26.8,6.660714285714286,22.3,28.0,27.0,18.0,4.0,4.0,6.0,4.0,6.0,2.0,6.0,-1.0,-1.0
375,2020,29,Northeast,153,226.0,48.5,34.2,1,27.0,6.707142857142857,22.6,36.0,34.0,19.0,5.0,8.0,4.0,7.0,3.0,1.0,-1.0,1.0,2.0
376,2020,30,Northeast,153,197.6,46.3,34.1,1,27.4,7.107142857142857,22.8,28.0,26.0,16.0,6.0,-8.0,-16.0,-8.0,-15.0,-3.0,-4.0,1.0,0.0
377,2020,31,Northeast,153,209.0,47.6,33.3,1,27.1,6.764285714285714,22.4,30.0,28.0,16.0,5.0,2.0,10.0,2.0,10.0,0.0,3.0,-1.0,-2.0
378,2020,32,Northeast,1885,8.2,44.4,34.9,1,28.8,7.45,23.0,24.0,22.0,15.0,4.0,-6.0,-8.0,-6.0,-8.0,-1.0,-1.0,-1.0,0.0
379,2020,33,Northeast,153,212.2,50.0,34.2,1,27.7,6.953571428571428,22.4,21.0,20.0,15.0,4.0,-3.0,3.0,-2.0,4.0,0.0,1.0,0.0,1.0
380,2020,34,Northeast,153,235.8,49.6,33.8,1,26.9,6.128571428571428,22.4,20.0,19.0,12.0,3.0,-1.0,2.0,-1.0,1.0,-3.0,-3.0,-1.0,-1.0
381,2020,35,Northeast,153,58.199999999999996,42.6,33.4,1,27.4,6.792857142857144,22.7,17.0,16.0,13.0,4.0,-3.0,-2.0,-3.0,-2.0,1.0,4.0,1.0,2.0
382,2020,36,Northeast,153,250.2,65.6,33.3,1,26.9,6.089285714285714,22.9,14.0,13.0,10.0,3.0,-3.0,0.0,-3.0,0.0,-3.0,-4.0,-1.0,-2.0
383,2020,37,Northeast,153,175.6,68.7,33.2,1,26.7,6.589285714285714,22.0,12.0,12.0,11.0,3.0,-2.0,1.0,-1.0,2.0,1.0,4.0,0.0,1.0
384,2020,38,Northeast,1133,167.4,83.9,34.0,1,27.3,6.828571428571428,21.0,12.0,11.0,8.0,2.0,0.0,2.0,-1.0,0.0,-3.0,-4.0,-1.0,-1.0
385,2020,39,Northeast,153,251.4,44.4,34.1,1,27.1,5.965,22.7,11.0,10.0,9.0,4.0,-1.0,-1.0,-1.0,0.0,1.0,4.0,2.0,3.0
386,2020,40,Northeast,153,93.3,40.7,33.3,1,27.6,5.6952380952380945,23.0,9.0,8.0,10.0,3.0,-2.0,-1.0,-2.0,-1.0,1.0,0.0,-1.0,-3.0
387,2020,41,Northeast,153,60.2,50.0,34.8,1,28.0,6.2714285714285705,23.2,10.0,10.0,10.0,3.0,1.0,3.0,2.0,4.0,0.0,-1.0,0.0,1.0
388,2020,42,Northeast,153,63.0,46.3,34.1,1,28.6,6.828571428571429,23.7,8.0,9.0,8.0,3.0,-2.0,-3.0,-1.0,-3.0,-2.0,-2.0,0.0,0.0
389,2020,43,Northeast,153,72.6,44.4,34.5,1,28.1,5.233333333333333,22.4,7.0,7.0,10.0,2.0,-1.0,1.0,-2.0,-1.0,2.0,4.0,-1.0,-1.0
390,2020,44,Northeast,153,116.80000000000001,42.6,34.4,1,28.0,5.115,23.9,6.0,6.0,6.0,1.0,-1.0,0.0,-1.0,1.0,-4.0,-6.0,-1.0,0.0
391,2020,45,Northeast,331,161.8,52.6,33.9,1,26.9,4.01,23.0,0.0,0.0,0.0,0.0,0.0,0.0,0.0,0.0,0.0,0.0,0.0,0.0
