,week,region,no_cases,year,total_daily_rainfall,max_wind_sp,max_temp,rainy_day,mean_temp,mean_wind_sp,min_temp,dengue_fever,dengue,mosquito,insect_repellent,dengue_fever_diff,dengue_fever_2nd_diff,dengue_diff,dengue_2nd_diff,mosquito_diff,mosquito_2nd_diff,insect_repellent_diff,insect_repellent_2nd_diff
0,21,West,7,2013,50.6,53.3,32.6,1,28.8375,8.49375,23.9,33.0,30.0,10.0,2.0,0.0,0.0,0.0,0.0,0.0,0.0,0.0,0.0
1,22,West,7,2013,71.0,72.7,33.3,1,28.696296296296296,8.95,22.9,29.0,28.0,9.0,3.0,-4.0,0.0,-2.0,0.0,-1.0,0.0,1.0,0.0
2,23,West,7,2013,194.6,63.4,34.1,1,28.817857142857143,8.642857142857142,23.3,56.0,52.0,18.0,4.0,27.0,31.0,24.0,26.0,9.0,10.0,1.0,0.0
3,24,West,7,2013,34.6,67.3,33.7,1,30.15,11.492857142857144,23.6,42.0,39.0,14.0,2.0,-14.0,-41.0,-13.0,-37.0,-4.0,-13.0,-2.0,-3.0
4,25,West,7,2013,0.0,56.9,34.1,0,30.52857142857143,10.860714285714286,27.9,25.0,23.0,8.0,2.0,-17.0,-3.0,-16.0,-3.0,-6.0,-2.0,0.0,2.0
5,26,West,7,2013,115.6,63.4,34.2,1,29.15357142857143,8.757142857142858,22.6,26.0,24.0,9.0,3.0,1.0,18.0,1.0,17.0,1.0,7.0,1.0,1.0
6,27,West,5,2013,60.0,60.1,32.7,1,28.610714285714288,10.25,23.5,18.0,17.0,8.0,1.0,-8.0,-9.0,-7.0,-8.0,-1.0,-2.0,-2.0,-3.0
7,28,West,5,2013,162.0,71.3,32.7,1,28.139285714285712,10.492857142857144,23.2,16.0,16.0,8.0,3.0,-2.0,6.0,-1.0,6.0,0.0,1.0,2.0,4.0
8,29,West,7,2013,2.6,46.8,32.7,1,28.264285714285712,10.160714285714286,25.0,14.0,13.0,8.0,2.0,-2.0,0.0,-3.0,-2.0,0.0,0.0,-1.0,-3.0
9,30,West,7,2013,62.8,63.0,33.2,1,28.717857142857145,10.514285714285714,23.6,12.0,11.0,9.0,1.0,-2.0,0.0,-2.0,1.0,1.0,1.0,-1.0,0.0
10,31,West,7,2013,71.2,76.0,32.5,1,28.307407407407407,10.717857142857143,23.1,11.0,9.0,9.0,2.0,-1.0,1.0,-2.0,0.0,0.0,-1.0,1.0,2.0
11,32,West,2,2013,301.6,82.1,32.2,1,27.79642857142857,11.289285714285716,22.0,13.0,13.0,8.0,0.0,2.0,3.0,4.0,6.0,-1.0,-1.0,-2.0,-3.0
12,33,West,7,2013,177.39999999999998,68.0,32.0,1,28.035714285714285,9.721428571428572,21.8,12.0,11.0,7.0,2.0,-1.0,-3.0,-2.0,-6.0,-1.0,0.0,2.0,4.0
13,34,West,7,2013,1.8,44.6,32.8,1,28.803571428571427,10.907142857142857,25.2,11.0,11.0,7.0,1.0,-1.0,0.0,0.0,2.0,0.0,1.0,-1.0,-3.0
14,35,West,7,2013,42.4,45.7,33.0,1,28.485714285714288,10.142857142857142,23.1,9.0,9.0,5.0,1.0,-2.0,-1.0,-2.0,-2.0,-2.0,-2.0,0.0,1.0
15,36,West,7,2013,414.6,76.7,31.4,1,27.11785714285714,10.0,22.4,12.0,11.0,6.0,2.0,3.0,5.0,2.0,4.0,1.0,3.0,1.0,1.0
16,37,West,2,2013,273.4,57.6,32.6,1,27.77857142857143,11.164285714285716,22.7,11.0,10.0,6.0,1.0,-1.0,-4.0,-1.0,-3.0,0.0,-1.0,-1.0,-2.0
17,38,West,7,2013,28.4,49.0,33.0,1,28.789285714285715,10.403571428571428,24.9,9.0,8.0,5.0,1.0,-2.0,-1.0,-2.0,-1.0,-1.0,-1.0,0.0,1.0
18,39,West,7,2013,200.6,74.5,33.0,1,28.52857142857143,9.542857142857144,22.3,15.0,13.0,5.0,2.0,6.0,8.0,5.0,7.0,0.0,1.0,1.0,1.0
19,40,West,7,2013,159.6,77.8,32.8,1,28.28214285714285,10.35,22.7,13.0,13.0,6.0,1.0,-2.0,-8.0,0.0,-5.0,1.0,1.0,-1.0,-2.0
20,41,West,7,2013,155.8,72.4,32.9,1,28.310714285714287,9.460714285714284,22.7,11.0,10.0,8.0,1.0,-2.0,0.0,-3.0,-3.0,2.0,1.0,0.0,1.0
21,42,West,7,2013,185.4,55.1,35.0,1,28.27142857142857,10.625,23.0,15.0,15.0,7.0,2.0,4.0,6.0,5.0,8.0,-1.0,-3.0,1.0,1.0
22,43,West,7,2013,193.0,51.5,33.7,1,28.07857142857143,9.15,23.1,12.0,11.0,5.0,2.0,-3.0,-7.0,-4.0,-9.0,-2.0,-1.0,0.0,-1.0
23,44,West,2,2013,171.4,55.4,33.4,1,27.75357142857143,7.132142857142857,23.9,12.0,11.0,7.0,2.0,0.0,3.0,0.0,4.0,2.0,4.0,0.0,0.0
24,45,West,3,2013,275.2,69.1,32.7,1,27.885714285714283,8.871428571428572,22.5,12.0,11.0,6.0,1.0,0.0,0.0,0.0,0.0,-1.0,-3.0,-1.0,-1.0
25,46,West,4,2013,413.8,85.3,32.3,1,27.24285714285714,8.025,22.9,13.0,13.0,9.0,1.0,1.0,1.0,2.0,2.0,3.0,4.0,0.0,1.0
26,47,West,4,2013,288.2,66.6,31.9,1,27.7875,9.525,22.3,11.0,10.0,6.0,2.0,-2.0,-3.0,-3.0,-5.0,-3.0,-6.0,1.0,1.0
27,48,West,7,2013,275.2,42.1,33.1,1,27.490476190476187,7.295238095238095,23.4,11.0,9.0,6.0,2.0,0.0,2.0,-1.0,2.0,0.0,3.0,0.0,-1.0
28,49,West,7,2013,326.0,55.4,31.2,1,26.104761904761908,8.423809523809524,23.6,9.0,9.0,6.0,1.0,-2.0,-2.0,0.0,1.0,0.0,0.0,-1.0,-1.0
29,50,West,7,2013,75.2,42.8,32.8,1,27.64761904761905,7.190476190476191,24.0,10.0,10.0,5.0,2.0,1.0,3.0,1.0,1.0,-1.0,-1.0,1.0,2.0
30,51,West,7,2013,132.0,58.3,32.9,1,27.30952380952381,9.00952380952381,21.9,9.0,8.0,6.0,2.0,-1.0,-2.0,-2.0,-3.0,1.0,2.0,0.0,-1.0
31,52,West,7,2013,62.8,50.8,32.5,1,27.04285714285714,9.80952380952381,23.8,9.0,8.0,7.0,2.0,0.0,1.0,0.0,2.0,1.0,0.0,0.0,0.0
32,1,West,3,2014,120.6,72.4,32.0,1,26.455555555555552,10.783333333333331,23.3,12.0,11.0,5.0,2.0,3.0,3.0,3.0,3.0,-2.0,-3.0,0.0,0.0
33,2,West,7,2014,125.2,66.2,33.0,1,26.82857142857143,8.571428571428571,23.2,11.0,10.0,4.0,1.0,-1.0,-4.0,-1.0,-4.0,-1.0,1.0,-1.0,-1.0
34,3,West,7,2014,0.0,50.4,31.1,0,26.704761904761902,11.0,23.8,9.0,8.0,4.0,1.0,-2.0,-1.0,-2.0,-1.0,0.0,1.0,0.0,1.0
35,4,West,7,2014,0.0,46.8,31.0,0,26.27142857142857,11.252380952380951,23.4,7.0,6.0,7.0,1.0,-2.0,0.0,-2.0,0.0,3.0,3.0,0.0,0.0
36,5,West,7,2014,0.0,45.7,33.2,0,26.780952380952375,11.576190476190476,23.1,7.0,8.0,8.0,2.0,0.0,2.0,2.0,4.0,1.0,-2.0,1.0,1.0
37,6,West,7,2014,0.0,41.0,32.4,0,27.066666666666663,9.657142857142858,23.7,10.0,9.0,13.0,3.0,3.0,3.0,1.0,-1.0,5.0,4.0,1.0,0.0
38,7,West,6,2014,165.2,59.8,34.5,1,27.67142857142857,9.814285714285711,21.4,8.0,9.0,12.0,2.0,-2.0,-5.0,0.0,-1.0,-1.0,-6.0,-1.0,-2.0
39,8,West,7,2014,0.2,52.2,34.2,1,28.052380952380958,10.361904761904762,24.9,9.0,9.0,20.0,4.0,1.0,3.0,0.0,0.0,8.0,9.0,2.0,3.0
40,9,West,7,2014,0.0,47.9,33.9,0,27.817391304347822,11.334782608695653,24.0,10.0,8.0,20.0,4.0,1.0,0.0,-1.0,-1.0,0.0,-8.0,0.0,-2.0
41,10,West,7,2014,0.0,55.1,33.4,0,27.857142857142858,13.417857142857144,24.2,6.0,6.0,19.0,2.0,-4.0,-5.0,-2.0,-1.0,-1.0,-1.0,-2.0,-2.0
42,11,West,7,2014,100.2,52.9,34.4,1,28.22142857142857,13.796428571428573,24.0,6.0,5.0,12.0,1.0,0.0,4.0,-1.0,1.0,-7.0,-6.0,-1.0,1.0
43,12,West,7,2014,313.8,57.2,34.7,1,27.317857142857143,9.717857142857143,23.5,7.0,6.0,8.0,2.0,1.0,1.0,1.0,2.0,-4.0,3.0,1.0,2.0
44,13,West,7,2014,27.4,78.8,34.2,1,28.63214285714286,11.314285714285717,25.5,8.0,7.0,13.0,2.0,1.0,0.0,1.0,0.0,5.0,9.0,0.0,-1.0
45,14,West,7,2014,188.8,92.9,34.2,1,28.517857142857142,9.875,23.7,6.0,5.0,8.0,2.0,-2.0,-3.0,-2.0,-3.0,-5.0,-10.0,0.0,0.0
46,15,West,7,2014,90.8,74.2,33.9,1,28.375,9.278571428571428,22.7,7.0,7.0,9.0,3.0,1.0,3.0,2.0,4.0,1.0,6.0,1.0,1.0
47,16,West,7,2014,9.4,56.2,33.3,1,28.79642857142857,8.417857142857143,25.3,8.0,8.0,10.0,2.0,1.0,0.0,1.0,-1.0,1.0,0.0,-1.0,-2.0
48,17,West,7,2014,88.4,52.6,33.6,1,28.6,8.014285714285714,23.9,9.0,8.0,10.0,1.0,1.0,0.0,0.0,-1.0,0.0,-1.0,-1.0,0.0
49,18,West,7,2014,80.8,62.6,33.5,1,29.232142857142858,8.414285714285715,24.4,5.0,6.0,10.0,2.0,-4.0,-5.0,-2.0,-2.0,0.0,0.0,1.0,2.0
50,19,West,7,2014,20.4,40.0,33.3,1,29.36428571428572,8.532142857142857,24.8,7.0,7.0,9.0,3.0,2.0,6.0,1.0,3.0,-1.0,-1.0,1.0,0.0
51,20,West,7,2014,397.2000000000001,62.3,33.4,1,28.764285714285712,9.082142857142856,23.2,8.0,7.0,9.0,2.0,1.0,-1.0,0.0,-1.0,0.0,1.0,-1.0,-2.0
52,21,West,7,2014,212.2,49.7,32.9,1,28.571428571428573,8.55,22.6,9.0,9.0,10.0,1.0,1.0,0.0,2.0,2.0,1.0,1.0,-1.0,0.0
53,22,West,7,2014,175.6,73.4,32.7,1,28.814285714285717,9.435714285714283,23.1,8.0,7.0,9.0,3.0,-1.0,-2.0,-2.0,-4.0,-1.0,-2.0,2.0,3.0
54,23,West,7,2014,202.4,55.8,33.0,1,28.939285714285717,9.882142857142856,24.5,10.0,10.0,7.0,2.0,2.0,3.0,3.0,5.0,-2.0,-1.0,-1.0,-3.0
55,24,West,7,2014,121.6,103.7,33.5,1,29.564285714285717,9.87142857142857,23.2,12.0,10.0,8.0,2.0,2.0,0.0,0.0,-3.0,1.0,3.0,0.0,1.0
56,25,West,7,2014,107.8,79.9,34.2,1,29.935714285714287,10.532142857142857,23.3,11.0,9.0,10.0,2.0,-1.0,-3.0,-1.0,-1.0,2.0,1.0,0.0,0.0
57,26,West,7,2014,142.0,79.6,33.8,1,29.1,9.632142857142856,22.8,14.0,13.0,9.0,2.0,3.0,4.0,4.0,5.0,-1.0,-3.0,0.0,0.0
58,27,West,7,2014,186.0,69.1,31.9,1,28.714285714285715,9.392857142857142,23.2,19.0,18.0,8.0,1.0,5.0,2.0,5.0,1.0,-1.0,0.0,-1.0,-1.0
59,28,West,7,2014,215.2,77.8,32.6,1,28.542857142857144,10.785714285714286,23.1,17.0,15.0,8.0,1.0,-2.0,-7.0,-3.0,-8.0,0.0,1.0,0.0,1.0
60,29,West,4,2014,39.0,62.6,33.2,1,29.410714285714285,10.485714285714286,22.3,18.0,15.0,11.0,1.0,1.0,3.0,0.0,3.0,3.0,3.0,0.0,0.0
61,30,West,9,2014,31.4,58.7,33.6,1,29.696428571428573,11.582142857142856,22.6,14.0,12.0,8.0,2.0,-4.0,-5.0,-3.0,-3.0,-3.0,-6.0,1.0,1.0
62,31,West,20,2014,156.9,60.5,31.9,1,28.639285714285712,11.239285714285714,23.0,15.0,14.0,9.0,1.0,1.0,5.0,2.0,5.0,1.0,4.0,-1.0,-2.0
63,32,West,37,2014,115.8,63.0,32.2,1,28.178571428571427,11.614285714285714,23.0,14.0,13.0,9.0,2.0,-1.0,-2.0,-1.0,-3.0,0.0,-1.0,1.0,2.0
64,33,West,7,2014,285.79999999999995,58.7,31.6,1,27.714285714285715,10.214285714285714,22.0,15.0,14.0,8.0,1.0,1.0,2.0,1.0,2.0,-1.0,-1.0,-1.0,-2.0
65,34,West,7,2014,50.4,52.2,32.7,1,28.38214285714286,9.653571428571428,22.6,12.0,11.0,10.0,2.0,-3.0,-4.0,-3.0,-4.0,2.0,3.0,1.0,2.0
66,35,West,7,2014,248.4,82.1,32.2,1,27.572,8.98,22.2,11.0,9.0,6.0,1.0,-1.0,2.0,-2.0,1.0,-4.0,-6.0,-1.0,-2.0
67,36,West,7,2014,112.2,67.7,33.2,1,28.29583333333333,9.904,22.8,8.0,8.0,8.0,2.0,-3.0,-2.0,-1.0,1.0,2.0,6.0,1.0,2.0
68,37,West,7,2014,88.4,42.1,32.4,1,28.875,10.635714285714286,22.9,8.0,8.0,8.0,2.0,0.0,3.0,0.0,1.0,0.0,-2.0,0.0,-1.0
69,38,West,7,2014,74.0,90.0,32.9,1,28.910714285714285,11.525,23.3,7.0,6.0,6.0,4.0,-1.0,-1.0,-2.0,-2.0,-2.0,-2.0,2.0,2.0
70,39,West,14,2014,64.6,53.6,33.1,1,28.95357142857143,10.367857142857144,24.3,9.0,9.0,5.0,2.0,2.0,3.0,3.0,5.0,-1.0,1.0,-2.0,-4.0
71,40,West,28,2014,120.2,69.8,33.1,1,28.957142857142856,10.482142857142858,22.3,7.0,6.0,4.0,1.0,-2.0,-4.0,-3.0,-6.0,-1.0,0.0,-1.0,1.0
72,41,West,24,2014,0.4,47.5,33.3,1,29.3,9.821428571428571,25.8,6.0,6.0,6.0,1.0,-1.0,1.0,0.0,3.0,2.0,3.0,0.0,1.0
73,42,West,7,2014,97.8,51.5,33.0,1,28.57777777777778,8.181481481481482,22.8,8.0,7.0,6.0,1.0,2.0,3.0,1.0,1.0,0.0,-2.0,0.0,0.0
74,43,West,7,2014,148.2,42.1,33.3,1,28.685714285714287,8.053571428571429,22.9,8.0,8.0,7.0,2.0,0.0,-2.0,1.0,0.0,1.0,1.0,1.0,1.0
75,44,West,7,2014,53.6,52.9,33.6,1,29.084615384615383,8.407692307692308,24.1,5.0,4.0,5.0,1.0,-3.0,-3.0,-4.0,-5.0,-2.0,-3.0,-1.0,-2.0
76,45,West,7,2014,170.8,91.8,33.8,1,28.47142857142857,8.438095238095238,23.2,6.0,6.0,5.0,2.0,1.0,4.0,2.0,6.0,0.0,2.0,1.0,2.0
77,46,West,7,2014,99.2,73.1,32.0,1,27.547619047619047,7.714285714285714,22.6,6.0,6.0,5.0,1.0,0.0,-1.0,0.0,-2.0,0.0,0.0,-1.0,-2.0
78,47,West,7,2014,217.6,87.1,32.7,1,27.4,6.976190476190476,23.6,8.0,6.0,5.0,2.0,2.0,2.0,0.0,0.0,0.0,0.0,1.0,2.0
79,48,West,4,2014,245.6,77.4,32.8,1,27.62857142857143,7.309523809523809,23.3,6.0,6.0,5.0,1.0,-2.0,-4.0,0.0,0.0,0.0,0.0,-1.0,-2.0
80,49,West,5,2014,259.0,69.5,32.5,1,27.8,9.538095238095238,22.8,6.0,5.0,6.0,1.0,0.0,2.0,-1.0,-1.0,1.0,1.0,0.0,1.0
81,50,West,7,2014,317.6,61.6,33.5,1,27.875,10.20952380952381,22.6,5.0,5.0,6.0,1.0,-1.0,-1.0,0.0,1.0,0.0,-1.0,0.0,0.0
82,51,West,7,2014,385.8,67.0,33.7,1,27.00357142857143,10.038095238095238,23.2,4.0,4.0,4.0,2.0,-1.0,0.0,-1.0,-1.0,-2.0,-2.0,1.0,1.0
83,52,West,4,2014,358.0,49.0,31.3,1,26.432142857142857,10.242857142857142,23.6,7.0,5.0,5.0,1.0,3.0,4.0,1.0,2.0,1.0,3.0,-1.0,-2.0
84,1,West,3,2015,2.8,45.4,33.0,1,27.2125,13.4,24.3,5.0,5.0,5.0,2.0,-2.0,-5.0,0.0,-1.0,0.0,-1.0,1.0,2.0
85,2,West,7,2015,148.0,45.0,32.7,1,26.807142857142857,11.48095238095238,22.8,7.0,7.0,5.0,1.0,2.0,4.0,2.0,2.0,0.0,0.0,-1.0,-2.0
86,3,West,7,2015,1.0,46.8,33.0,1,27.67142857142857,15.738095238095235,24.5,5.0,5.0,5.0,2.0,-2.0,-4.0,-2.0,-4.0,0.0,0.0,1.0,2.0
87,4,West,7,2015,69.2,47.5,32.3,1,27.110714285714288,15.47142857142857,24.0,7.0,7.0,7.0,2.0,2.0,4.0,2.0,4.0,2.0,2.0,0.0,-1.0
88,5,West,4,2015,5.800000000000001,54.0,32.3,1,27.325,13.413636363636364,24.0,6.0,5.0,6.0,1.0,-1.0,-3.0,-2.0,-4.0,-1.0,-3.0,-1.0,-1.0
89,6,West,9,2015,64.2,64.4,31.7,1,26.535714285714285,12.482142857142858,23.7,4.0,4.0,5.0,1.0,-2.0,-1.0,-1.0,1.0,-1.0,0.0,0.0,1.0
90,7,West,7,2015,0.0,52.9,32.5,0,27.183333333333334,13.90625,24.2,6.0,4.0,3.0,0.0,2.0,4.0,0.0,1.0,-2.0,-1.0,-1.0,-1.0
91,8,West,4,2015,211.0,57.2,33.5,1,27.464285714285715,12.760714285714286,22.5,6.0,6.0,5.0,1.0,0.0,-2.0,2.0,2.0,2.0,4.0,1.0,2.0
92,9,West,11,2015,47.4,47.9,35.2,1,27.935714285714287,12.296428571428573,20.2,5.0,4.0,7.0,1.0,-1.0,-1.0,-2.0,-4.0,2.0,0.0,0.0,-1.0
93,10,West,7,2015,137.8,44.3,34.0,1,27.978571428571428,9.814285714285717,22.5,7.0,6.0,8.0,2.0,2.0,3.0,2.0,4.0,1.0,-1.0,1.0,1.0
94,11,West,7,2015,316.2,59.0,34.1,1,27.36785714285714,10.43214285714286,22.6,6.0,6.0,7.0,1.0,-1.0,-3.0,0.0,-2.0,-1.0,-2.0,-1.0,-2.0
95,12,West,7,2015,10.4,55.4,32.9,1,28.410714285714285,10.053571428571429,24.4,5.0,5.0,5.0,2.0,-1.0,0.0,-1.0,-1.0,-2.0,-1.0,1.0,2.0
96,13,West,7,2015,149.4,61.6,34.8,1,28.557142857142857,11.453571428571427,23.8,4.0,4.0,6.0,1.0,-1.0,0.0,-1.0,0.0,1.0,3.0,-1.0,-2.0
97,14,West,7,2015,141.4,65.9,33.5,1,28.085714285714285,8.828571428571427,23.1,7.0,6.0,7.0,2.0,3.0,4.0,2.0,3.0,1.0,0.0,1.0,2.0
98,15,West,7,2015,40.0,56.5,34.2,1,28.87142857142857,9.842857142857143,23.9,6.0,5.0,6.0,2.0,-1.0,-4.0,-1.0,-3.0,-1.0,-2.0,0.0,-1.0
99,16,West,7,2015,142.0,47.5,34.1,1,29.182142857142857,10.532142857142857,22.8,7.0,6.0,6.0,2.0,1.0,2.0,1.0,2.0,0.0,1.0,0.0,0.0
100,17,West,7,2015,324.0,76.7,33.1,1,28.25357142857143,8.285714285714286,22.9,6.0,4.0,7.0,1.0,-1.0,-2.0,-2.0,-3.0,1.0,1.0,-1.0,-1.0
101,18,West,7,2015,272.9,60.8,33.1,1,28.1,8.446428571428571,22.8,5.0,5.0,9.0,2.0,-1.0,0.0,1.0,3.0,2.0,1.0,1.0,2.0
102,19,West,7,2015,54.5,68.0,33.6,1,29.060714285714287,9.37857142857143,23.9,7.0,7.0,6.0,2.0,2.0,3.0,2.0,1.0,-3.0,-5.0,0.0,-1.0
103,20,West,7,2015,39.3,43.2,34.4,1,29.192857142857143,9.385714285714286,24.5,8.0,6.0,6.0,1.0,1.0,-1.0,-1.0,-3.0,0.0,3.0,-1.0,-1.0
104,21,West,7,2015,117.3,50.4,33.5,1,29.02857142857143,9.203571428571427,23.9,7.0,5.0,5.0,2.0,-1.0,-2.0,-1.0,0.0,-1.0,-1.0,1.0,2.0
105,22,West,7,2015,9.1,36.7,34.2,1,29.567857142857143,10.203571428571427,26.4,6.0,6.0,7.0,1.0,-1.0,0.0,1.0,2.0,2.0,3.0,-1.0,-2.0
106,23,West,7,2015,57.1,52.2,34.3,1,29.2,9.342857142857143,24.5,6.0,6.0,6.0,2.0,0.0,1.0,0.0,-1.0,-1.0,-3.0,1.0,2.0
107,24,West,7,2015,262.0,54.7,32.7,1,28.27857142857143,10.225,23.9,7.0,7.0,7.0,3.0,1.0,1.0,1.0,1.0,1.0,2.0,1.0,0.0
108,25,West,7,2015,21.2,52.6,32.9,1,29.07857142857143,10.871428571428572,23.2,8.0,8.0,8.0,2.0,1.0,0.0,1.0,0.0,1.0,0.0,-1.0,-2.0
109,26,West,7,2015,1.4,49.3,33.2,1,29.914285714285715,12.421428571428573,27.9,8.0,7.0,7.0,2.0,0.0,-1.0,-1.0,-2.0,-1.0,-2.0,0.0,1.0
110,27,West,7,2015,80.8,79.9,33.5,1,29.25357142857143,10.857142857142858,22.8,7.0,7.0,6.0,2.0,-1.0,-1.0,0.0,1.0,-1.0,0.0,0.0,0.0
111,28,West,7,2015,99.0,56.2,32.5,1,29.442857142857143,11.267857142857142,23.9,9.0,7.0,7.0,1.0,2.0,3.0,0.0,0.0,1.0,2.0,-1.0,-1.0
112,29,West,7,2015,48.8,72.7,32.9,1,29.35,13.0,24.8,8.0,7.0,7.0,2.0,-1.0,-3.0,0.0,0.0,0.0,-1.0,1.0,2.0
113,30,West,7,2015,6.2,63.4,33.8,1,29.485714285714288,11.385714285714286,25.2,7.0,6.0,5.0,2.0,-1.0,0.0,-1.0,-1.0,-2.0,-2.0,0.0,-1.0
114,31,West,7,2015,75.0,63.0,33.0,1,28.5,10.81785714285714,23.6,5.0,6.0,7.0,1.0,-2.0,-1.0,0.0,1.0,2.0,4.0,-1.0,-1.0
115,32,West,2,2015,464.0,75.6,32.1,1,27.67142857142857,10.19285714285714,22.6,5.0,6.0,6.0,1.0,0.0,2.0,0.0,0.0,-1.0,-3.0,0.0,1.0
116,33,West,7,2015,93.0,68.0,33.1,1,28.52857142857143,10.7,24.4,6.0,6.0,7.0,1.0,1.0,1.0,0.0,0.0,1.0,2.0,0.0,0.0
117,34,West,13,2015,43.6,54.4,32.4,1,28.95357142857143,11.417857142857144,25.0,6.0,5.0,7.0,1.0,0.0,-1.0,-1.0,-1.0,0.0,-1.0,0.0,0.0
118,35,West,19,2015,48.6,57.2,33.2,1,29.04230769230769,11.430769230769233,23.8,5.0,5.0,6.0,2.0,-1.0,-1.0,0.0,1.0,-1.0,-1.0,1.0,1.0
119,36,West,23,2015,76.80000000000001,47.5,33.1,1,29.2625,10.941666666666668,22.7,6.0,6.0,5.0,1.0,1.0,2.0,1.0,1.0,-1.0,0.0,-1.0,-2.0
120,37,West,30,2015,41.6,92.9,32.4,1,28.592857142857145,11.171428571428573,23.3,7.0,6.0,6.0,2.0,1.0,0.0,0.0,-1.0,1.0,2.0,1.0,2.0
121,38,West,18,2015,253.6,67.3,33.3,1,28.564285714285717,10.082142857142856,23.8,7.0,5.0,5.0,1.0,0.0,-1.0,-1.0,-1.0,-1.0,-2.0,-1.0,-2.0
122,39,West,2,2015,62.6,56.2,32.4,1,28.832142857142856,10.510714285714286,23.1,8.0,7.0,8.0,1.0,1.0,1.0,2.0,3.0,3.0,4.0,0.0,1.0
123,40,West,6,2015,243.2,65.2,32.3,1,28.446428571428573,9.960714285714284,23.2,7.0,7.0,6.0,1.0,-1.0,-2.0,0.0,-2.0,-2.0,-5.0,0.0,0.0
124,41,West,13,2015,75.4,37.4,32.5,1,28.760714285714283,8.635714285714286,24.5,6.0,4.0,6.0,3.0,-1.0,0.0,-3.0,-3.0,0.0,2.0,2.0,2.0
125,42,West,7,2015,1.2,36.0,33.1,1,29.410714285714285,9.510714285714286,27.0,7.0,6.0,7.0,1.0,1.0,2.0,2.0,5.0,1.0,1.0,-2.0,-4.0
126,43,West,7,2015,23.2,46.4,32.9,1,29.442857142857143,10.232142857142858,26.6,6.0,6.0,5.0,1.0,-1.0,-2.0,0.0,-2.0,-2.0,-3.0,0.0,2.0
127,44,West,7,2015,168.4,71.6,33.2,1,28.08148148148148,9.0,22.7,8.0,6.0,6.0,1.0,2.0,3.0,0.0,0.0,1.0,3.0,0.0,0.0
128,45,West,7,2015,68.8,65.9,32.7,1,28.321428571428573,10.089285714285714,24.0,6.0,5.0,7.0,1.0,-2.0,-4.0,-1.0,-1.0,1.0,0.0,0.0,0.0
129,46,West,6,2015,97.6,58.0,32.9,1,28.289285714285715,8.164285714285715,24.4,7.0,6.0,7.0,3.0,1.0,3.0,1.0,2.0,0.0,-1.0,2.0,2.0
130,47,West,10,2015,403.2,59.4,33.5,1,27.73928571428572,9.546428571428573,23.3,7.0,6.0,6.0,2.0,0.0,-1.0,0.0,-1.0,-1.0,-1.0,-1.0,-3.0
131,48,West,10,2015,283.6,64.1,33.8,1,27.825,9.739285714285714,24.2,6.0,6.0,7.0,2.0,-1.0,-1.0,0.0,0.0,1.0,2.0,0.0,1.0
132,49,West,7,2015,391.2,58.3,32.9,1,27.789285714285715,8.732142857142858,23.9,7.0,7.0,5.0,2.0,1.0,2.0,1.0,1.0,-2.0,-3.0,0.0,0.0
133,50,West,7,2015,405.0,69.8,33.3,1,27.610714285714288,8.921428571428573,23.9,11.0,10.0,8.0,3.0,4.0,3.0,3.0,2.0,3.0,5.0,1.0,1.0
134,51,West,7,2015,59.4,60.5,33.4,1,27.95357142857143,10.264285714285714,24.1,6.0,6.0,9.0,2.0,-5.0,-9.0,-4.0,-7.0,1.0,-2.0,-1.0,-2.0
135,52,West,7,2015,207.6,79.9,33.9,1,28.40357142857143,10.19285714285714,22.8,11.0,9.0,8.0,2.0,5.0,10.0,3.0,7.0,-1.0,-2.0,0.0,1.0
136,53,West,7,2015,325.6,67.0,33.2,1,27.45,10.8125,23.0,0.0,0.0,0.0,0.0,0.0,0.0,0.0,0.0,0.0,0.0,0.0,0.0
137,1,West,7,2016,67.2,56.5,34.1,1,28.50714285714286,9.035714285714286,25.1,14.0,13.0,6.0,3.0,-2.0,-7.0,-1.0,-6.0,-2.0,-2.0,1.0,1.0
138,2,West,7,2016,163.4,54.0,33.7,1,28.28214285714285,8.082142857142857,24.3,13.0,12.0,11.0,2.0,-1.0,1.0,-1.0,0.0,5.0,7.0,-1.0,-2.0
139,3,West,7,2016,331.4,71.3,33.9,1,28.264285714285712,9.367857142857144,22.8,19.0,17.0,12.0,2.0,6.0,7.0,5.0,6.0,1.0,-4.0,0.0,1.0
140,4,West,3,2016,373.2,81.7,33.5,1,28.025,9.603571428571428,23.3,17.0,16.0,16.0,5.0,-2.0,-8.0,-1.0,-6.0,4.0,3.0,3.0,3.0
141,5,West,3,2016,141.0,65.2,33.9,1,28.204,11.168,24.8,17.0,14.0,9.0,3.0,0.0,2.0,-2.0,-1.0,-7.0,-11.0,-2.0,-5.0
142,6,West,2,2016,55.8,50.0,32.7,1,27.66190476190476,11.214285714285714,23.7,17.0,16.0,7.0,2.0,0.0,0.0,2.0,4.0,-2.0,5.0,-1.0,1.0
143,7,West,7,2016,394.4,83.9,33.4,1,27.488000000000003,10.938461538461535,23.4,14.0,13.0,8.0,3.0,-3.0,-3.0,-3.0,-5.0,1.0,3.0,1.0,2.0
144,8,West,1,2016,34.6,70.2,33.5,1,28.167857142857144,11.814285714285717,24.7,13.0,12.0,8.0,2.0,-1.0,2.0,-1.0,2.0,0.0,-1.0,-1.0,-2.0
145,9,West,2,2016,95.6,57.6,33.9,1,28.667857142857144,12.114285714285714,24.2,11.0,10.0,7.0,2.0,-2.0,-1.0,-2.0,-1.0,-1.0,-1.0,0.0,1.0
146,10,West,1,2016,188.2,59.0,33.9,1,28.55,8.775,23.2,11.0,10.0,8.0,1.0,0.0,2.0,0.0,2.0,1.0,2.0,-1.0,-1.0
147,11,West,1,2016,22.6,43.2,34.1,1,29.015384615384612,9.107142857142858,25.7,8.0,8.0,7.0,2.0,-3.0,-3.0,-2.0,-2.0,-1.0,-2.0,1.0,2.0
148,12,West,1,2016,32.2,62.3,34.4,1,29.37142857142857,10.8,25.3,10.0,10.0,7.0,1.0,2.0,5.0,2.0,4.0,0.0,1.0,-1.0,-2.0
149,13,West,2,2016,39.2,58.7,35.6,1,29.553571428571427,10.685714285714283,26.4,10.0,10.0,7.0,2.0,0.0,-2.0,0.0,-2.0,0.0,0.0,1.0,2.0
150,14,West,2,2016,125.8,61.6,34.2,1,29.28333333333333,8.65,23.5,10.0,9.0,8.0,3.0,0.0,0.0,-1.0,-1.0,1.0,1.0,1.0,0.0
151,15,West,5,2016,71.4,66.6,34.5,1,29.896,11.853571428571428,23.8,8.0,7.0,7.0,3.0,-2.0,-2.0,-2.0,-1.0,-1.0,-2.0,0.0,-1.0
152,16,West,1,2016,137.4,45.7,35.6,1,29.874074074074077,9.121428571428572,24.9,7.0,6.0,5.0,1.0,-1.0,1.0,-1.0,1.0,-2.0,-1.0,-2.0,-2.0
153,17,West,2,2016,121.2,55.4,33.8,1,29.53333333333333,9.95,24.4,7.0,6.0,7.0,2.0,0.0,1.0,0.0,1.0,2.0,4.0,1.0,3.0
154,18,West,7,2016,120.8,50.0,33.8,1,30.009523809523813,8.932142857142857,23.7,9.0,8.0,8.0,1.0,2.0,2.0,2.0,2.0,1.0,-1.0,-1.0,-2.0
155,19,West,7,2016,97.2,54.0,34.3,1,29.382608695652173,9.646428571428572,24.5,6.0,6.0,10.0,3.0,-3.0,-5.0,-2.0,-4.0,2.0,1.0,2.0,3.0
156,20,West,7,2016,220.2,84.6,33.7,1,29.3,11.99642857142857,24.1,8.0,7.0,8.0,3.0,2.0,5.0,1.0,3.0,-2.0,-4.0,0.0,-2.0
157,21,West,7,2016,64.0,77.4,34.4,1,29.85925925925926,11.69285714285714,23.7,8.0,8.0,9.0,2.0,0.0,-2.0,1.0,0.0,1.0,3.0,-1.0,-1.0
158,22,West,2,2016,166.4,85.3,33.7,1,28.79230769230769,9.907142857142857,24.0,9.0,8.0,7.0,2.0,1.0,1.0,0.0,-1.0,-2.0,-3.0,0.0,1.0
159,23,West,7,2016,102.6,66.2,33.4,1,29.304761904761904,10.771428571428572,23.2,7.0,7.0,9.0,2.0,-2.0,-3.0,-1.0,-1.0,2.0,4.0,0.0,0.0
160,24,West,7,2016,556.0,77.0,32.5,1,28.473684210526315,11.946428571428571,22.7,8.0,7.0,8.0,1.0,1.0,3.0,0.0,1.0,-1.0,-3.0,-1.0,-1.0
161,25,West,7,2016,123.8,94.0,33.2,1,28.933333333333334,10.832142857142856,23.4,9.0,8.0,9.0,2.0,1.0,0.0,1.0,1.0,1.0,2.0,1.0,2.0
162,26,West,7,2016,0.0,43.6,33.9,0,30.11818181818182,11.028571428571428,27.6,7.0,7.0,7.0,3.0,-2.0,-3.0,-1.0,-2.0,-2.0,-3.0,1.0,0.0
163,27,West,7,2016,164.8,72.4,34.1,1,29.785714285714285,11.19285714285714,23.1,9.0,9.0,7.0,1.0,2.0,4.0,2.0,3.0,0.0,2.0,-2.0,-3.0
164,28,West,7,2016,297.8,92.9,33.5,1,28.464,10.346428571428572,22.9,8.0,8.0,6.0,3.0,-1.0,-3.0,-1.0,-3.0,-1.0,-1.0,2.0,4.0
165,29,West,7,2016,442.2,88.9,31.6,1,27.6875,11.892592592592594,23.6,9.0,8.0,8.0,1.0,1.0,2.0,0.0,1.0,2.0,3.0,-2.0,-4.0
166,30,West,7,2016,132.9,78.1,31.7,1,28.31111111111111,9.917857142857144,21.9,10.0,9.0,8.0,3.0,1.0,0.0,1.0,1.0,0.0,-2.0,2.0,4.0
167,31,West,7,2016,56.8,97.6,32.6,1,28.825,12.492857142857144,22.6,6.0,5.0,6.0,2.0,-4.0,-5.0,-4.0,-5.0,-2.0,-2.0,-1.0,-3.0
168,32,West,4,2016,40.0,75.2,32.7,1,29.452,12.12142857142857,24.8,7.0,7.0,6.0,2.0,1.0,5.0,2.0,6.0,0.0,2.0,0.0,1.0
169,33,West,5,2016,118.6,65.9,33.1,1,29.23703703703704,12.207142857142856,23.0,6.0,5.0,5.0,2.0,-1.0,-2.0,-2.0,-4.0,-1.0,-1.0,0.0,0.0
170,34,West,11,2016,194.2,82.1,33.0,1,29.39583333333333,14.085714285714284,23.7,17.0,16.0,100.0,57.0,11.0,12.0,11.0,13.0,95.0,96.0,55.0,55.0
171,35,West,16,2016,107.6,74.5,33.1,1,28.689285714285717,10.18214285714286,24.5,12.0,11.0,52.0,28.0,-5.0,-16.0,-5.0,-16.0,-48.0,-143.0,-29.0,-84.0
172,36,West,13,2016,152.6,103.0,32.5,1,28.49285714285714,12.75,22.7,9.0,10.0,25.0,8.0,-3.0,2.0,-1.0,4.0,-27.0,21.0,-20.0,9.0
173,37,West,14,2016,223.4,85.3,32.8,1,28.6,12.685714285714283,21.8,8.0,8.0,16.0,6.0,-1.0,2.0,-2.0,-1.0,-9.0,18.0,-2.0,18.0
174,38,West,14,2016,150.0,89.3,33.1,1,28.96666666666667,14.93214285714286,23.4,6.0,5.0,10.0,3.0,-2.0,-1.0,-3.0,-1.0,-6.0,3.0,-3.0,-1.0
175,39,West,18,2016,54.400000000000006,82.8,33.8,1,29.26923076923077,13.025,23.7,7.0,6.0,6.0,2.0,1.0,3.0,1.0,4.0,-4.0,2.0,-1.0,2.0
176,40,West,7,2016,253.8,93.2,32.7,1,28.485714285714288,12.139285714285714,21.9,10.0,7.0,10.0,3.0,3.0,2.0,1.0,0.0,4.0,8.0,1.0,2.0
177,41,West,7,2016,151.6,92.2,33.5,1,29.565384615384616,19.24285714285714,22.8,5.0,5.0,7.0,2.0,-5.0,-8.0,-2.0,-3.0,-3.0,-7.0,-1.0,-2.0
178,42,West,7,2016,124.6,114.8,33.0,1,28.933333333333334,12.410714285714286,23.0,5.0,5.0,8.0,2.0,0.0,5.0,0.0,2.0,1.0,4.0,0.0,1.0
179,43,West,7,2016,267.6,84.2,31.4,1,27.648000000000003,11.139285714285714,22.5,5.0,4.0,7.0,1.0,0.0,0.0,-1.0,-1.0,-1.0,-2.0,-1.0,-1.0
180,44,West,7,2016,236.2,95.8,31.9,1,27.967857142857145,13.292857142857144,23.2,4.0,3.0,5.0,1.0,-1.0,-1.0,-1.0,0.0,-2.0,-1.0,0.0,1.0
181,45,West,7,2016,192.0,103.3,32.5,1,27.86923076923077,9.957142857142856,22.4,3.0,3.0,8.0,1.0,-1.0,0.0,0.0,1.0,3.0,5.0,0.0,0.0
182,46,West,7,2016,328.6,66.6,32.3,1,27.572727272727278,9.742857142857144,22.7,5.0,4.0,6.0,2.0,2.0,3.0,1.0,1.0,-2.0,-5.0,1.0,1.0
183,47,West,7,2016,288.8,80.3,31.7,1,27.877272727272725,11.310714285714283,23.1,4.0,3.0,7.0,2.0,-1.0,-3.0,-1.0,-2.0,1.0,3.0,0.0,-1.0
184,48,West,2,2016,142.0,63.4,33.3,1,27.558333333333334,11.767857142857142,23.3,3.0,2.0,5.0,2.0,-1.0,0.0,-1.0,0.0,-2.0,-3.0,0.0,0.0
185,49,West,7,2016,67.6,76.3,34.2,1,28.64583333333333,10.073076923076922,24.4,4.0,3.0,7.0,1.0,1.0,2.0,1.0,2.0,2.0,4.0,-1.0,-1.0
186,50,West,7,2016,70.0,79.6,33.5,1,28.484,12.575,23.3,2.0,2.0,5.0,1.0,-2.0,-3.0,-1.0,-2.0,-2.0,-4.0,0.0,1.0
187,51,West,7,2016,92.2,83.2,33.8,1,27.941666666666663,13.425,24.2,4.0,4.0,6.0,1.0,2.0,4.0,2.0,3.0,1.0,3.0,0.0,0.0
188,52,West,7,2016,92.2,64.8,32.4,1,27.242105263157896,12.254166666666668,24.1,0.0,0.0,0.0,0.0,0.0,0.0,0.0,0.0,0.0,0.0,0.0,0.0
189,53,West,7,2016,116.6,61.2,28.5,1,26.525,8.966666666666667,23.0,16.0,14.0,8.0,2.0,5.0,0.0,5.0,2.0,0.0,1.0,0.0,0.0
190,1,West,7,2017,106.2,81.4,33.5,1,28.22222222222222,9.7,23.0,4.0,4.0,4.0,1.0,-1.0,-2.0,-1.0,-2.0,-2.0,-2.0,-1.0,-2.0
191,2,West,7,2017,1.0,62.3,34.2,1,28.76153846153846,11.617857142857144,25.8,4.0,4.0,5.0,1.0,0.0,1.0,0.0,1.0,1.0,3.0,0.0,1.0
192,3,West,7,2017,217.4,67.3,32.2,1,27.53333333333333,11.385714285714286,23.0,4.0,3.0,6.0,1.0,0.0,0.0,-1.0,-1.0,1.0,0.0,0.0,0.0
193,4,West,7,2017,388.8,80.6,32.0,1,26.44782608695652,12.35,23.3,5.0,3.0,7.0,1.0,1.0,1.0,0.0,1.0,1.0,0.0,0.0,0.0
194,5,West,7,2017,57.4,55.8,32.9,1,27.616666666666664,12.210714285714284,23.5,5.0,4.0,6.0,1.0,0.0,-1.0,1.0,1.0,-1.0,-2.0,0.0,0.0
195,6,West,7,2017,76.2,76.0,33.9,1,27.752,14.05,23.9,3.0,2.0,6.0,3.0,-2.0,-2.0,-2.0,-3.0,0.0,1.0,2.0,2.0
196,7,West,7,2017,24.2,65.5,32.7,1,27.2,14.74642857142857,23.5,4.0,3.0,7.0,2.0,1.0,3.0,1.0,3.0,1.0,1.0,-1.0,-3.0
197,8,West,7,2017,270.2,62.3,32.9,1,27.224,9.935714285714283,23.0,4.0,4.0,5.0,2.0,0.0,-1.0,1.0,0.0,-2.0,-3.0,0.0,1.0
198,9,West,7,2017,271.2,76.0,32.1,1,26.604166666666668,11.15,23.1,4.0,3.0,6.0,1.0,0.0,0.0,-1.0,-2.0,1.0,3.0,-1.0,-1.0
199,10,West,7,2017,65.2,58.7,32.8,1,27.515384615384612,10.62857142857143,23.7,5.0,4.0,5.0,2.0,1.0,1.0,1.0,2.0,-1.0,-2.0,1.0,2.0
200,11,West,7,2017,58.400000000000006,48.6,33.1,1,28.195652173913043,9.69285714285714,23.7,4.0,3.0,7.0,2.0,-1.0,-2.0,-1.0,-2.0,2.0,3.0,0.0,-1.0
201,12,West,7,2017,58.4,70.2,33.9,1,28.5,10.964285714285714,25.2,3.0,3.0,7.0,3.0,-1.0,0.0,0.0,1.0,0.0,-2.0,1.0,1.0
202,13,West,7,2017,104.8,69.5,33.1,1,27.85,9.653571428571428,23.8,7.0,5.0,8.0,3.0,4.0,5.0,2.0,2.0,1.0,1.0,0.0,-1.0
203,14,West,7,2017,132.0,78.5,32.5,1,28.58333333333333,11.364,23.3,4.0,2.0,7.0,1.0,-3.0,-7.0,-3.0,-5.0,-1.0,-2.0,-2.0,-2.0
204,15,West,7,2017,287.6,44.3,33.1,1,28.06190476190476,6.180952380952381,23.9,4.0,3.0,8.0,2.0,0.0,3.0,1.0,4.0,1.0,2.0,1.0,3.0
205,16,West,7,2017,403.4,81.7,33.3,1,28.383333333333336,8.583333333333334,22.3,4.0,4.0,6.0,2.0,0.0,0.0,1.0,0.0,-2.0,-3.0,0.0,-1.0
206,17,West,7,2017,196.4,78.8,32.4,1,28.15,10.742857142857144,24.0,5.0,5.0,6.0,2.0,1.0,1.0,1.0,0.0,0.0,2.0,0.0,0.0
207,18,West,7,2017,263.2,63.7,33.1,1,28.728571428571428,9.614285714285714,23.7,4.0,5.0,8.0,1.0,-1.0,-2.0,0.0,-1.0,2.0,2.0,-1.0,-1.0
208,19,West,7,2017,160.6,63.0,32.5,1,28.79642857142857,10.657142857142857,24.6,4.0,4.0,8.0,1.0,0.0,1.0,-1.0,-1.0,0.0,-2.0,0.0,1.0
209,20,West,7,2017,46.0,61.6,33.2,1,29.370833333333334,10.904166666666669,25.8,5.0,5.0,6.0,1.0,1.0,1.0,1.0,2.0,-2.0,-2.0,0.0,0.0
210,21,West,2,2017,332.2,78.1,32.8,1,28.53703703703704,9.755555555555556,22.6,6.0,5.0,7.0,2.0,1.0,0.0,0.0,-1.0,1.0,3.0,1.0,1.0
211,22,West,2,2017,195.8,78.5,33.1,1,29.146153846153844,11.917857142857144,24.2,4.0,4.0,5.0,2.0,-2.0,-3.0,-1.0,-1.0,-2.0,-3.0,0.0,-1.0
212,23,West,9,2017,163.0,69.8,33.1,1,29.704,11.114814814814816,23.7,4.0,4.0,7.0,1.0,0.0,2.0,0.0,1.0,2.0,4.0,-1.0,-1.0
213,24,West,12,2017,259.0,87.1,32.8,1,29.068,9.896296296296295,23.8,3.0,3.0,5.0,1.0,-1.0,-1.0,-1.0,-1.0,-2.0,-4.0,0.0,1.0
214,25,West,7,2017,47.8,89.6,32.2,1,28.714285714285715,10.239285714285714,23.8,4.0,4.0,6.0,2.0,1.0,2.0,1.0,2.0,1.0,3.0,1.0,1.0
215,26,West,7,2017,51.8,65.5,32.8,1,28.556,9.588,22.9,5.0,4.0,7.0,3.0,1.0,0.0,0.0,-1.0,1.0,0.0,1.0,0.0
216,27,West,7,2017,180.6,52.9,31.4,1,28.15,11.3,23.7,5.0,5.0,5.0,1.0,0.0,-1.0,1.0,1.0,-2.0,-3.0,-2.0,-3.0
217,28,West,7,2017,221.4,85.7,31.7,1,27.911538461538463,11.765384615384615,23.6,5.0,5.0,7.0,1.0,0.0,0.0,0.0,-1.0,2.0,4.0,0.0,2.0
218,29,West,7,2017,0.4,41.8,32.9,1,29.060714285714287,11.007142857142856,27.0,4.0,4.0,6.0,1.0,-1.0,-1.0,-1.0,-1.0,-1.0,-3.0,0.0,0.0
219,30,West,7,2017,6.8,55.8,33.0,1,29.417857142857144,11.49642857142857,25.8,3.0,3.0,6.0,2.0,-1.0,0.0,-1.0,0.0,0.0,1.0,1.0,1.0
220,31,West,7,2017,5.4,66.2,32.7,1,29.5,12.414285714285716,26.2,3.0,3.0,6.0,2.0,0.0,1.0,0.0,1.0,0.0,0.0,0.0,-1.0
221,32,West,7,2017,224.0,59.8,32.0,1,27.885185185185183,10.488888888888887,22.8,4.0,4.0,6.0,1.0,1.0,1.0,1.0,1.0,0.0,0.0,-1.0,-1.0
222,33,West,7,2017,193.0,66.2,32.4,1,28.21538461538461,9.775,21.7,4.0,4.0,6.0,2.0,0.0,-1.0,0.0,-1.0,0.0,0.0,1.0,2.0
223,34,West,7,2017,13.6,52.6,32.4,1,28.678571428571427,11.060714285714283,25.1,3.0,2.0,7.0,1.0,-1.0,-1.0,-2.0,-2.0,1.0,1.0,-1.0,-2.0
224,35,West,7,2017,37.6,51.8,33.1,1,28.775,10.342857142857143,23.3,3.0,3.0,6.0,2.0,0.0,1.0,1.0,3.0,-1.0,-2.0,1.0,2.0
225,36,West,7,2017,240.8,61.6,31.7,1,28.28214285714285,9.053571428571429,23.8,4.0,3.0,6.0,2.0,1.0,1.0,0.0,-1.0,0.0,1.0,0.0,-1.0
226,37,West,7,2017,256.0,74.5,32.8,1,28.275,9.946428571428571,22.6,5.0,3.0,7.0,1.0,1.0,0.0,0.0,0.0,1.0,1.0,-1.0,-1.0
227,38,West,7,2017,223.2,90.0,32.3,1,27.914285714285715,10.142857142857142,23.7,4.0,4.0,6.0,3.0,-1.0,-2.0,1.0,1.0,-1.0,-2.0,2.0,3.0
228,39,West,7,2017,174.2,77.4,32.2,1,28.235714285714288,9.196428571428571,23.4,4.0,3.0,7.0,2.0,0.0,1.0,-1.0,-2.0,1.0,2.0,-1.0,-3.0
229,40,West,7,2017,194.6,61.9,32.5,1,27.910714285714285,8.7,22.6,4.0,3.0,6.0,2.0,0.0,0.0,0.0,1.0,-1.0,-2.0,0.0,1.0
230,41,West,7,2017,281.2,65.2,33.6,1,28.385714285714283,10.467857142857143,22.9,5.0,6.0,6.0,2.0,1.0,1.0,3.0,3.0,0.0,1.0,0.0,0.0
231,42,West,7,2017,8.4,72.4,34.5,1,29.74285714285714,9.285714285714286,24.6,4.0,4.0,6.0,2.0,-1.0,-2.0,-2.0,-5.0,0.0,0.0,0.0,0.0
232,43,West,7,2017,54.2,59.8,33.1,1,28.707142857142856,9.153571428571428,22.9,4.0,5.0,5.0,1.0,0.0,1.0,1.0,3.0,-1.0,-1.0,-1.0,-1.0
233,44,West,7,2017,226.6,68.0,32.1,1,27.792857142857144,8.564285714285715,23.5,4.0,4.0,6.0,2.0,0.0,0.0,-1.0,-2.0,1.0,2.0,1.0,2.0
234,45,West,7,2017,214.2,70.6,31.8,1,27.5962962962963,9.571428571428571,23.6,4.0,4.0,8.0,1.0,0.0,0.0,0.0,1.0,2.0,1.0,-1.0,-2.0
235,46,West,7,2017,273.2,73.4,32.8,1,28.010714285714283,9.853571428571428,23.1,4.0,4.0,6.0,2.0,0.0,0.0,0.0,0.0,-2.0,-4.0,1.0,2.0
236,47,West,7,2017,291.2,76.0,33.0,1,27.4,8.618518518518519,22.3,3.0,4.0,6.0,2.0,-1.0,-1.0,0.0,0.0,0.0,2.0,0.0,-1.0
237,48,West,7,2017,79.8,64.4,33.5,1,28.03333333333333,11.828571428571427,24.3,5.0,5.0,5.0,2.0,2.0,3.0,1.0,1.0,-1.0,-1.0,0.0,0.0
238,49,West,7,2017,24.6,47.2,33.6,1,28.15714285714285,9.528571428571428,24.8,5.0,5.0,4.0,2.0,0.0,-2.0,0.0,-1.0,-1.0,0.0,0.0,0.0
239,50,West,7,2017,181.8,54.7,32.9,1,27.62857142857143,8.6625,23.4,3.0,2.0,4.0,2.0,-2.0,-2.0,-3.0,-3.0,0.0,1.0,0.0,0.0
240,51,West,7,2017,72.6,57.2,32.1,1,27.700000000000003,10.5,24.1,3.0,2.0,6.0,0.0,0.0,2.0,0.0,3.0,2.0,2.0,-2.0,-2.0
241,52,West,7,2017,497.2,49.3,32.8,1,27.26,8.124,23.8,5.0,5.0,6.0,2.0,1.0,-1.0,1.0,-1.0,0.0,-1.0,1.0,1.0
242,52,West,7,2017,497.2,49.3,32.8,1,27.26,8.124,23.8,4.0,3.0,5.0,2.0,1.0,1.0,1.0,1.0,-1.0,-3.0,2.0,4.0
243,1,West,9,2018,210.2,52.6,32.3,1,26.816666666666663,6.7250000000000005,23.5,4.0,4.0,6.0,1.0,0.0,-1.0,1.0,0.0,1.0,2.0,-1.0,-3.0
244,2,West,7,2018,250.8,58.7,31.8,1,24.735,10.405,22.0,4.0,3.0,5.0,2.0,0.0,0.0,-1.0,-2.0,-1.0,-2.0,1.0,2.0
245,3,West,7,2018,105.4,43.2,32.8,1,26.861904761904764,9.625925925925925,23.3,5.0,6.0,7.0,1.0,1.0,1.0,3.0,4.0,2.0,3.0,-1.0,-2.0
246,4,West,7,2018,359.2,57.2,32.9,1,27.357142857142858,9.814285714285717,23.3,3.0,2.0,4.0,1.0,-2.0,-3.0,-4.0,-7.0,-3.0,-5.0,0.0,1.0
247,5,West,7,2018,38.2,72.0,32.9,1,27.73157894736842,12.988888888888887,24.3,3.0,3.0,5.0,1.0,0.0,2.0,1.0,5.0,1.0,4.0,0.0,0.0
248,6,West,7,2018,1.2,58.7,32.9,1,27.23333333333333,14.489285714285714,24.2,5.0,3.0,5.0,1.0,2.0,2.0,0.0,-1.0,0.0,-1.0,0.0,0.0
249,7,West,7,2018,59.0,50.8,33.5,1,27.795238095238098,11.571428571428571,24.6,4.0,3.0,7.0,2.0,-1.0,-3.0,0.0,0.0,2.0,2.0,1.0,1.0
250,8,West,7,2018,122.2,54.4,33.3,1,27.67619047619048,11.285714285714286,23.6,3.0,3.0,7.0,1.0,-1.0,0.0,0.0,0.0,0.0,-2.0,-1.0,-2.0
251,9,West,7,2018,162.8,42.1,33.3,1,27.904761904761905,9.667857142857144,23.4,3.0,3.0,7.0,2.0,0.0,1.0,0.0,0.0,0.0,0.0,1.0,2.0
252,10,West,7,2018,192.6,70.2,34.4,1,28.02857142857143,11.078571428571427,24.1,4.0,3.0,8.0,2.0,1.0,1.0,0.0,0.0,1.0,1.0,0.0,-1.0
253,11,West,7,2018,66.4,55.4,33.7,1,28.466666666666665,10.110714285714286,23.5,4.0,4.0,5.0,1.0,0.0,-1.0,1.0,1.0,-3.0,-4.0,-1.0,-1.0
254,12,West,7,2018,102.2,53.6,34.5,1,28.538095238095234,10.403571428571428,23.4,3.0,3.0,8.0,2.0,-1.0,-1.0,-1.0,-2.0,3.0,6.0,1.0,2.0
255,13,West,7,2018,265.4,72.0,32.9,1,27.47142857142857,9.325,23.5,4.0,3.0,9.0,2.0,1.0,2.0,0.0,1.0,1.0,-2.0,0.0,-1.0
256,14,West,7,2018,49.2,45.0,33.5,1,28.666666666666668,10.421428571428573,24.3,3.0,2.0,8.0,3.0,-1.0,-2.0,-1.0,-1.0,-1.0,-2.0,1.0,1.0
257,15,West,7,2018,83.0,50.4,33.6,1,28.79047619047619,9.403571428571428,25.0,2.0,2.0,7.0,1.0,-1.0,0.0,0.0,1.0,-1.0,0.0,-2.0,-3.0
258,16,West,7,2018,285.6,50.4,33.7,1,27.623809523809523,7.414285714285714,23.5,2.0,3.0,8.0,3.0,0.0,1.0,1.0,1.0,1.0,2.0,2.0,4.0
259,17,West,7,2018,41.6,52.6,33.8,1,28.88095238095238,8.707142857142857,23.8,6.0,6.0,7.0,2.0,4.0,4.0,3.0,2.0,-1.0,-2.0,-1.0,-3.0
260,18,West,7,2018,150.6,61.2,33.2,1,28.82857142857143,8.232142857142858,24.1,11.0,9.0,10.0,3.0,5.0,1.0,3.0,0.0,3.0,4.0,1.0,2.0
261,19,West,7,2018,94.2,61.9,34.0,1,29.695238095238096,9.7,24.5,4.0,5.0,6.0,2.0,-7.0,-12.0,-4.0,-7.0,-4.0,-7.0,-1.0,-2.0
262,20,West,7,2018,269.0,47.2,32.4,1,28.195238095238096,7.353571428571429,24.4,7.0,7.0,8.0,2.0,3.0,10.0,2.0,6.0,2.0,6.0,0.0,1.0
263,21,West,7,2018,327.6,81.0,33.0,1,28.357894736842105,10.652173913043478,23.8,5.0,4.0,8.0,2.0,-2.0,-5.0,-3.0,-5.0,0.0,-2.0,0.0,0.0
264,22,West,7,2018,403.4,73.1,32.9,1,28.18947368421053,8.180769230769231,22.8,4.0,4.0,9.0,2.0,-1.0,1.0,0.0,3.0,1.0,1.0,0.0,0.0
265,23,West,7,2018,50.6,62.3,33.1,1,29.85238095238095,8.404545454545454,23.0,5.0,4.0,7.0,1.0,1.0,2.0,0.0,0.0,-2.0,-3.0,-1.0,-1.0
266,24,West,7,2018,141.6,87.8,32.7,1,29.347619047619045,8.708695652173914,22.8,4.0,4.0,7.0,2.0,-1.0,-2.0,0.0,0.0,0.0,2.0,1.0,2.0
267,25,West,7,2018,247.4,73.4,31.6,1,28.023529411764702,10.304545454545456,22.2,5.0,4.0,9.0,2.0,1.0,2.0,0.0,0.0,2.0,2.0,0.0,-1.0
268,26,West,7,2018,313.8,81.7,30.7,1,27.17619047619048,9.791304347826088,22.9,4.0,3.0,7.0,3.0,-1.0,-2.0,-1.0,-1.0,-2.0,-4.0,1.0,1.0
269,27,West,2,2018,45.0,54.7,32.1,1,28.59047619047619,8.295238095238094,23.1,3.0,5.0,7.0,2.0,-1.0,0.0,2.0,3.0,0.0,2.0,-1.0,-2.0
270,28,West,7,2018,118.0,62.6,32.8,1,28.43809523809524,9.29047619047619,22.6,3.0,3.0,7.0,2.0,0.0,1.0,-2.0,-4.0,0.0,0.0,0.0,1.0
271,29,West,7,2018,54.8,72.4,31.7,1,29.009523809523813,8.738095238095237,24.1,4.0,4.0,5.0,2.0,1.0,1.0,1.0,3.0,-2.0,-2.0,0.0,0.0
272,30,West,7,2018,29.6,52.9,33.0,1,29.09047619047619,9.133333333333336,24.0,5.0,2.0,9.0,1.0,1.0,0.0,-2.0,-3.0,4.0,6.0,-1.0,-1.0
273,31,West,7,2018,35.6,56.5,31.6,1,28.0,8.685714285714287,23.9,4.0,4.0,6.0,2.0,-1.0,-2.0,2.0,4.0,-3.0,-7.0,1.0,2.0
274,32,West,7,2018,10.6,78.1,32.8,1,28.77142857142857,9.20952380952381,23.4,3.0,4.0,6.0,2.0,-1.0,0.0,0.0,-2.0,0.0,3.0,0.0,-1.0
275,33,West,7,2018,43.0,64.4,33.6,1,29.35238095238095,10.433333333333334,22.7,4.0,3.0,6.0,1.0,1.0,2.0,-1.0,-1.0,0.0,0.0,-1.0,-1.0
276,34,West,7,2018,87.0,55.4,32.8,1,28.761904761904763,8.961904761904762,23.9,3.0,3.0,6.0,2.0,-1.0,-2.0,0.0,1.0,0.0,0.0,1.0,2.0
277,35,West,7,2018,110.2,52.9,32.9,1,28.39523809523809,8.104761904761904,23.8,4.0,3.0,6.0,2.0,1.0,2.0,0.0,0.0,0.0,0.0,0.0,-1.0
278,36,West,1,2018,215.2,83.5,31.6,1,27.666666666666668,7.828571428571429,22.1,3.0,3.0,5.0,2.0,-1.0,-2.0,0.0,0.0,-1.0,-1.0,0.0,0.0
279,37,West,1,2018,42.2,40.7,32.8,1,28.39523809523809,8.561904761904762,23.4,4.0,4.0,6.0,1.0,1.0,2.0,1.0,1.0,1.0,2.0,-1.0,-1.0
280,38,West,7,2018,121.6,55.1,32.4,1,27.795238095238098,7.847619047619048,22.3,4.0,4.0,6.0,2.0,0.0,-1.0,0.0,-1.0,0.0,-1.0,1.0,2.0
281,39,West,7,2018,0.0,42.1,33.1,0,29.538095238095234,8.976190476190476,27.0,3.0,3.0,6.0,1.0,-1.0,-1.0,-1.0,-1.0,0.0,0.0,-1.0,-2.0
282,40,West,7,2018,83.8,46.4,33.5,1,29.32857142857143,8.304761904761905,23.7,3.0,3.0,5.0,2.0,0.0,1.0,0.0,1.0,-1.0,-1.0,1.0,2.0
283,41,West,7,2018,338.6,65.2,31.5,1,26.81904761904762,6.947619047619048,23.3,3.0,3.0,6.0,1.0,0.0,0.0,0.0,0.0,1.0,2.0,-1.0,-2.0
284,42,West,7,2018,55.6,59.4,32.6,1,28.276190476190475,8.123809523809523,23.3,3.0,3.0,6.0,2.0,0.0,0.0,0.0,0.0,0.0,-1.0,1.0,2.0
285,43,West,7,2018,162.4,51.5,32.7,1,28.152380952380955,6.880952380952381,22.9,4.0,3.0,6.0,1.0,1.0,1.0,0.0,0.0,0.0,0.0,-1.0,-2.0
286,44,West,7,2018,321.0,46.8,32.5,1,27.38571428571429,6.433333333333333,23.6,4.0,4.0,6.0,1.0,0.0,-1.0,1.0,1.0,0.0,0.0,0.0,1.0
287,45,West,7,2018,332.0,50.0,33.2,1,27.64761904761905,7.380952380952381,23.7,4.0,3.0,9.0,2.0,0.0,0.0,-1.0,-2.0,3.0,3.0,1.0,1.0
288,46,West,7,2018,157.8,68.8,31.8,1,27.642857142857142,6.447619047619048,22.0,4.0,3.0,7.0,2.0,0.0,0.0,0.0,1.0,-2.0,-5.0,0.0,-1.0
289,47,West,7,2018,369.6,74.9,34.2,1,27.88571428571429,7.633333333333334,22.7,5.0,6.0,10.0,2.0,1.0,1.0,3.0,3.0,3.0,5.0,0.0,0.0
290,48,West,7,2018,334.0,85.0,32.5,1,27.63809523809524,7.614285714285715,22.2,6.0,5.0,7.0,1.0,1.0,0.0,-1.0,-4.0,-3.0,-6.0,-1.0,-1.0
291,49,West,7,2018,268.4,47.5,32.3,1,27.33529411764706,6.935294117647059,23.8,5.0,4.0,8.0,3.0,-1.0,-2.0,-1.0,0.0,1.0,4.0,2.0,3.0
292,50,West,7,2018,202.8,60.1,31.7,1,27.06,7.83,23.6,6.0,5.0,8.0,2.0,1.0,2.0,1.0,2.0,0.0,-1.0,-1.0,-3.0
293,51,West,4,2018,50.0,45.7,33.6,1,28.48095238095238,7.642857142857143,24.1,5.0,4.0,5.0,2.0,-1.0,-2.0,-1.0,-2.0,-3.0,-3.0,0.0,1.0
294,52,West,6,2018,25.4,77.4,33.1,1,28.700000000000003,10.004761904761905,23.0,5.0,4.0,6.0,2.0,0.0,1.0,0.0,1.0,1.0,4.0,0.0,0.0
295,1,West,7,2019,78.39999999999999,68.4,33.4,1,28.778260869565216,11.325,23.2,8.0,7.0,6.0,1.0,3.0,3.0,3.0,3.0,0.0,-1.0,-1.0,-1.0
296,2,West,15,2019,65.2,54.7,33.8,1,28.609523809523807,9.00952380952381,24.3,8.0,7.0,7.0,1.0,0.0,-3.0,0.0,-3.0,1.0,1.0,0.0,1.0
297,3,West,21,2019,74.60000000000001,49.0,33.0,1,27.804761904761904,9.676190476190476,24.0,8.0,7.0,6.0,1.0,0.0,0.0,0.0,0.0,-1.0,-2.0,0.0,0.0
298,4,West,19,2019,1.2,59.4,32.5,1,28.095,10.719047619047618,25.6,6.0,5.0,7.0,2.0,-2.0,-2.0,-2.0,-2.0,1.0,2.0,1.0,1.0
299,5,West,2,2019,12.6,52.6,33.9,1,28.257142857142856,9.404761904761903,25.8,8.0,7.0,6.0,2.0,2.0,4.0,2.0,4.0,-1.0,-2.0,0.0,-1.0
300,6,West,7,2019,104.4,54.7,34.3,1,28.342857142857145,9.09047619047619,23.6,10.0,10.0,7.0,1.0,2.0,0.0,3.0,1.0,1.0,2.0,-1.0,-1.0
301,7,West,7,2019,11.2,48.2,33.9,1,28.54285714285714,9.714285714285714,24.7,8.0,7.0,9.0,3.0,-2.0,-4.0,-3.0,-6.0,2.0,1.0,2.0,3.0
302,8,West,7,2019,50.0,52.6,34.0,1,28.276190476190475,8.147619047619047,22.8,6.0,5.0,7.0,3.0,-2.0,0.0,-2.0,1.0,-2.0,-4.0,0.0,-2.0
303,9,West,7,2019,4.6,45.4,34.0,1,28.82857142857143,9.29047619047619,25.6,6.0,6.0,9.0,3.0,0.0,2.0,1.0,3.0,2.0,4.0,0.0,0.0
304,10,West,7,2019,13.2,37.1,33.9,1,28.94285714285714,8.185714285714287,25.6,5.0,4.0,8.0,3.0,-1.0,-1.0,-2.0,-3.0,-1.0,-3.0,0.0,0.0
305,11,West,7,2019,57.6,58.3,35.0,1,28.67142857142857,8.752380952380953,23.8,6.0,6.0,6.0,2.0,1.0,2.0,2.0,4.0,-2.0,-1.0,-1.0,-1.0
306,12,West,7,2019,51.2,59.0,35.5,1,29.29047619047619,8.685714285714287,24.2,5.0,4.0,6.0,2.0,-1.0,-2.0,-2.0,-4.0,0.0,2.0,0.0,1.0
307,13,West,7,2019,107.2,68.0,35.6,1,29.166666666666668,7.676190476190476,23.1,4.0,4.0,7.0,2.0,-1.0,0.0,0.0,2.0,1.0,1.0,0.0,0.0
308,14,West,7,2019,245.4,75.6,34.5,1,28.571428571428573,8.32857142857143,22.1,7.0,6.0,8.0,2.0,3.0,4.0,2.0,2.0,1.0,0.0,0.0,0.0
309,15,West,7,2019,24.0,51.8,34.4,1,29.17619047619048,7.490476190476191,25.9,6.0,6.0,9.0,2.0,-1.0,-4.0,0.0,-2.0,1.0,0.0,0.0,0.0
310,16,West,7,2019,36.6,54.7,34.4,1,29.80625,8.547058823529412,23.4,6.0,6.0,10.0,2.0,0.0,1.0,0.0,0.0,1.0,0.0,0.0,0.0
311,17,West,7,2019,190.8,64.1,33.2,1,28.32857142857143,8.47857142857143,23.7,6.0,6.0,8.0,1.0,0.0,0.0,0.0,0.0,-2.0,-3.0,-1.0,-1.0
312,18,West,7,2019,33.0,68.8,34.1,1,29.63157894736842,8.24736842105263,24.9,8.0,7.0,10.0,3.0,2.0,2.0,1.0,1.0,2.0,4.0,2.0,3.0
313,19,West,7,2019,291.8,90.0,34.1,1,29.552380952380958,9.347619047619048,22.4,7.0,6.0,10.0,2.0,-1.0,-3.0,-1.0,-2.0,0.0,-2.0,-1.0,-3.0
314,20,West,7,2019,246.0,63.0,33.2,1,28.73809523809524,7.776190476190477,22.8,7.0,7.0,9.0,2.0,0.0,1.0,1.0,2.0,-1.0,-1.0,0.0,1.0
315,21,West,7,2019,52.6,45.4,33.1,1,29.08571428571428,7.542857142857143,24.9,12.0,11.0,9.0,3.0,5.0,5.0,4.0,3.0,0.0,1.0,1.0,1.0
316,22,West,7,2019,288.4,64.4,32.6,1,29.05,8.07,23.4,9.0,8.0,9.0,3.0,-3.0,-8.0,-3.0,-7.0,0.0,0.0,0.0,-1.0
317,23,West,2,2019,222.4,52.2,31.7,1,27.927777777777777,7.742105263157894,23.9,10.0,9.0,11.0,2.0,1.0,4.0,1.0,4.0,2.0,2.0,-1.0,-1.0
318,24,West,4,2019,70.0,49.7,32.6,1,28.97,9.285,24.7,15.0,14.0,9.0,3.0,5.0,4.0,5.0,4.0,-2.0,-4.0,1.0,2.0
319,25,West,7,2019,211.8,57.6,31.4,1,28.265,8.028571428571428,23.4,16.0,15.0,10.0,3.0,1.0,-4.0,1.0,-4.0,1.0,3.0,0.0,-1.0
320,26,West,2,2019,40.6,74.9,32.5,1,29.105555555555554,8.83,24.8,14.0,13.0,9.0,3.0,-2.0,-3.0,-2.0,-3.0,-1.0,-2.0,0.0,0.0
321,27,West,7,2019,31.6,83.9,32.4,1,29.352941176470587,8.899999999999999,21.1,15.0,14.0,9.0,2.0,1.0,3.0,1.0,3.0,0.0,1.0,-1.0,-1.0
322,28,West,7,2019,30.8,88.2,32.5,1,29.25263157894737,8.955,23.8,18.0,16.0,10.0,3.0,3.0,2.0,2.0,1.0,1.0,1.0,1.0,2.0
323,29,West,7,2019,8.4,65.5,32.5,1,28.923809523809524,9.138095238095238,24.9,16.0,14.0,10.0,2.0,-2.0,-5.0,-2.0,-4.0,0.0,-1.0,-1.0,-2.0
324,30,West,4,2019,66.8,53.6,32.3,1,28.761904761904763,8.6,23.6,21.0,18.0,10.0,3.0,5.0,7.0,4.0,6.0,0.0,0.0,1.0,2.0
325,31,West,7,2019,2.0,45.4,33.1,1,29.452380952380956,9.585714285714284,27.3,19.0,18.0,11.0,3.0,-2.0,-7.0,0.0,-4.0,1.0,1.0,0.0,-1.0
326,32,West,7,2019,0.0,42.5,32.6,0,29.228571428571428,9.238095238095235,27.4,17.0,16.0,9.0,2.0,-2.0,0.0,-2.0,-2.0,-2.0,-3.0,-1.0,-1.0
327,33,West,2,2019,5.2,49.7,33.1,1,29.45714285714286,10.08095238095238,25.1,15.0,14.0,10.0,2.0,-2.0,0.0,-2.0,0.0,1.0,3.0,0.0,1.0
328,34,West,7,2019,0.0,46.4,33.8,0,29.43809523809524,10.552380952380952,27.4,12.0,11.0,10.0,2.0,-3.0,-1.0,-3.0,-1.0,0.0,-1.0,0.0,0.0
329,35,West,2,2019,60.6,71.3,33.0,1,28.509523809523813,9.633333333333336,24.4,12.0,11.0,7.0,2.0,0.0,3.0,0.0,3.0,-3.0,-3.0,0.0,0.0
330,36,West,4,2019,53.8,47.2,32.7,1,29.295238095238098,9.738095238095235,23.5,11.0,11.0,10.0,3.0,-1.0,-1.0,0.0,0.0,3.0,6.0,1.0,1.0
331,37,West,4,2019,0.8,37.8,33.2,1,29.16190476190476,9.32857142857143,27.1,12.0,11.0,9.0,2.0,1.0,2.0,0.0,0.0,-1.0,-4.0,-1.0,-2.0
332,38,West,7,2019,0.0,37.8,33.3,0,29.204761904761902,10.09047619047619,26.9,9.0,8.0,10.0,2.0,-3.0,-4.0,-3.0,-3.0,1.0,2.0,0.0,1.0
333,39,West,7,2019,244.0,51.1,34.9,1,28.38095238095238,8.180952380952382,23.4,7.0,7.0,9.0,3.0,-2.0,1.0,-1.0,2.0,-1.0,-2.0,1.0,1.0
334,40,West,7,2019,96.8,56.5,32.4,1,27.85238095238095,8.09047619047619,23.2,8.0,7.0,7.0,2.0,1.0,3.0,0.0,1.0,-2.0,-1.0,-1.0,-2.0
335,41,West,7,2019,99.0,44.3,33.7,1,28.44285714285714,7.714285714285714,23.7,9.0,8.0,10.0,2.0,1.0,0.0,1.0,1.0,3.0,5.0,0.0,1.0
336,42,West,2,2019,20.8,46.1,33.1,1,28.69047619047619,7.819047619047619,25.0,8.0,8.0,8.0,3.0,-1.0,-2.0,0.0,-1.0,-2.0,-5.0,1.0,1.0
337,43,West,3,2019,368.0,52.2,33.8,1,27.68095238095238,8.285714285714286,23.3,7.0,6.0,9.0,3.0,-1.0,0.0,-2.0,-2.0,1.0,3.0,0.0,-1.0
338,44,West,7,2019,53.4,74.9,32.3,1,28.452380952380956,9.752380952380951,23.4,10.0,9.0,10.0,2.0,3.0,4.0,3.0,5.0,1.0,0.0,-1.0,-1.0
339,45,West,3,2019,111.8,83.9,33.3,1,29.07619047619048,9.395238095238096,23.1,11.0,11.0,8.0,3.0,1.0,-2.0,2.0,-1.0,-2.0,-3.0,1.0,2.0
340,46,West,3,2019,71.4,48.6,33.0,1,28.538095238095234,9.16190476190476,24.0,11.0,11.0,7.0,2.0,0.0,-1.0,0.0,-2.0,-1.0,1.0,-1.0,-2.0
341,47,West,4,2019,155.20000000000002,74.5,33.0,1,27.276190476190475,9.042857142857144,24.2,11.0,10.0,8.0,2.0,0.0,0.0,-1.0,-1.0,1.0,2.0,0.0,1.0
342,48,West,7,2019,200.2,51.5,33.9,1,27.890476190476196,9.342857142857142,23.7,7.0,7.0,7.0,2.0,-4.0,-4.0,-3.0,-2.0,-1.0,-2.0,0.0,0.0
343,49,West,8,2019,47.8,57.2,33.2,1,27.80952380952381,11.695238095238096,23.8,7.0,7.0,7.0,1.0,0.0,4.0,0.0,3.0,0.0,1.0,-1.0,-1.0
344,50,West,8,2019,308.0,101.9,31.9,1,25.580952380952382,11.33809523809524,23.0,7.0,7.0,9.0,2.0,0.0,0.0,0.0,0.0,2.0,2.0,1.0,2.0
345,51,West,9,2019,209.8,49.7,31.7,1,26.78235294117647,10.495238095238095,23.3,10.0,9.0,7.0,2.0,3.0,3.0,2.0,2.0,-2.0,-4.0,0.0,-1.0
346,52,West,2,2019,50.0,52.2,33.6,1,27.823809523809523,11.628571428571428,23.8,9.0,8.0,8.0,2.0,-1.0,-4.0,-1.0,-3.0,1.0,3.0,0.0,0.0
347,1,West,5,2020,2.8000000000000003,60.5,33.5,1,28.173333333333336,12.38,25.0,10.0,9.0,8.0,2.0,1.0,2.0,1.0,2.0,0.0,-1.0,0.0,0.0
348,2,West,8,2020,76.0,64.1,32.5,1,27.580952380952382,12.78095238095238,22.8,13.0,12.0,9.0,2.0,3.0,2.0,3.0,2.0,1.0,1.0,0.0,0.0
349,3,West,9,2020,82.0,47.2,33.2,1,27.933333333333334,11.88095238095238,25.0,9.0,8.0,6.0,1.0,-4.0,-7.0,-4.0,-7.0,-3.0,-4.0,-1.0,-1.0
350,4,West,7,2020,111.0,54.7,33.2,1,28.038095238095234,12.404761904761903,24.2,9.0,8.0,9.0,2.0,0.0,4.0,0.0,4.0,3.0,6.0,1.0,2.0
351,5,West,5,2020,448.4,60.8,32.6,1,28.047619047619047,11.823809523809524,23.4,8.0,7.0,7.0,2.0,-1.0,-1.0,-1.0,-1.0,-2.0,-5.0,0.0,-1.0
352,6,West,5,2020,38.2,68.8,34.2,1,28.052380952380958,13.02857142857143,23.9,17.0,16.0,9.0,3.0,9.0,10.0,9.0,10.0,2.0,4.0,1.0,1.0
353,7,West,16,2020,191.0,56.5,32.9,1,27.91428571428572,11.052380952380952,23.5,16.0,16.0,11.0,3.0,-1.0,-10.0,0.0,-9.0,2.0,0.0,0.0,-1.0
354,8,West,20,2020,28.200000000000003,65.9,34.2,1,28.3,13.45714285714286,24.5,12.0,11.0,8.0,2.0,-4.0,-3.0,-5.0,-5.0,-3.0,-5.0,-1.0,-1.0
355,9,West,16,2020,2.4000000000000004,66.2,34.6,1,28.761904761904763,13.242857142857144,25.7,12.0,11.0,8.0,3.0,0.0,4.0,0.0,5.0,0.0,3.0,1.0,2.0
356,10,West,20,2020,145.4,53.3,34.2,1,28.52380952380953,11.514285714285714,24.1,10.0,10.0,9.0,3.0,-2.0,-2.0,-1.0,-1.0,1.0,1.0,0.0,-1.0
357,11,West,6,2020,8.0,52.6,34.3,1,29.38095238095238,11.70952380952381,26.2,9.0,8.0,7.0,2.0,-1.0,1.0,-2.0,-1.0,-2.0,-3.0,-1.0,-1.0
358,12,West,2,2020,76.8,51.5,34.4,1,28.705,11.675,24.3,12.0,12.0,9.0,3.0,3.0,4.0,4.0,6.0,2.0,4.0,1.0,2.0
359,13,West,7,2020,131.2,57.6,34.2,1,28.685,10.84,23.9,8.0,8.0,8.0,3.0,-4.0,-7.0,-4.0,-8.0,-1.0,-3.0,0.0,-1.0
360,14,West,3,2020,144.0,56.5,34.7,1,29.14761904761905,10.704761904761906,24.0,7.0,6.0,9.0,2.0,-1.0,3.0,-2.0,2.0,1.0,2.0,-1.0,-1.0
361,15,West,7,2020,159.6,62.2,33.0,1,28.79047619047619,10.471428571428572,23.8,7.0,6.0,8.0,2.0,0.0,1.0,0.0,2.0,-1.0,-2.0,0.0,1.0
362,16,West,7,2020,46.4,45.0,34.4,1,29.704761904761902,11.152380952380952,25.6,10.0,10.0,12.0,2.0,3.0,3.0,4.0,4.0,4.0,5.0,0.0,0.0
363,17,West,5,2020,221.1,60.7,34.4,1,28.866666666666667,10.628571428571428,23.9,8.0,8.0,12.0,3.0,-2.0,-5.0,-2.0,-6.0,0.0,-4.0,1.0,1.0
364,18,West,9,2020,137.3,64.4,32.6,1,28.37142857142857,11.142857142857142,23.0,8.0,7.0,12.0,4.0,0.0,2.0,-1.0,1.0,0.0,0.0,1.0,0.0
365,19,West,13,2020,234.2,66.7,33.9,1,29.45714285714286,10.566666666666666,24.0,12.0,11.0,14.0,4.0,4.0,4.0,4.0,5.0,2.0,2.0,0.0,-1.0
366,20,West,5,2020,170.6,84.6,33.0,1,29.44285714285714,10.67142857142857,24.3,11.0,10.0,13.0,3.0,-1.0,-5.0,-1.0,-5.0,-1.0,-3.0,-1.0,-1.0
367,21,West,4,2020,257.8,65.2,34.0,1,29.142105263157895,10.615789473684211,22.9,12.0,11.0,12.0,3.0,1.0,2.0,1.0,2.0,-1.0,0.0,0.0,1.0
368,22,West,2,2020,28.4,60.7,33.4,1,29.266666666666666,11.50625,25.2,18.0,17.0,15.0,4.0,6.0,5.0,6.0,5.0,3.0,4.0,1.0,1.0
369,23,West,6,2020,133.6,46.1,32.4,1,28.67142857142857,10.066666666666666,24.1,23.0,22.0,18.0,4.0,5.0,-1.0,5.0,-1.0,3.0,0.0,0.0,-1.0
370,24,West,7,2020,103.6,61.9,33.4,1,29.1,9.871428571428572,24.1,27.0,26.0,19.0,4.0,4.0,-1.0,4.0,-1.0,1.0,-2.0,0.0,0.0
371,25,West,7,2020,399.8,51.5,32.2,1,27.81428571428572,9.761904761904765,23.9,30.0,29.0,20.0,5.0,3.0,-1.0,3.0,-1.0,1.0,0.0,1.0,1.0
372,26,West,7,2020,372.0,76.7,31.9,1,28.280952380952375,9.566666666666666,23.2,26.0,25.0,20.0,5.0,-4.0,-7.0,-4.0,-7.0,0.0,-1.0,0.0,-1.0
373,27,West,7,2020,129.20000000000002,55.0,32.5,1,29.123809523809523,9.623809523809523,22.2,24.0,23.0,16.0,5.0,-2.0,2.0,-2.0,2.0,-4.0,-4.0,0.0,0.0
374,28,West,7,2020,374.4,54.8,31.6,1,27.79047619047619,10.433333333333334,22.9,28.0,27.0,18.0,4.0,4.0,6.0,4.0,6.0,2.0,6.0,-1.0,-1.0
375,29,West,7,2020,119.4,53.7,31.9,1,28.004761904761907,10.633333333333336,23.8,36.0,34.0,19.0,5.0,8.0,4.0,7.0,3.0,1.0,-1.0,1.0,2.0
376,30,West,7,2020,88.2,51.1,32.1,1,28.285714285714285,10.214285714285714,24.2,28.0,26.0,16.0,6.0,-8.0,-16.0,-8.0,-15.0,-3.0,-4.0,1.0,0.0
377,31,West,7,2020,136.0,51.9,31.7,1,28.09523809523809,10.038095238095238,23.2,30.0,28.0,16.0,5.0,2.0,10.0,2.0,10.0,0.0,3.0,-1.0,-2.0
378,32,West,32,2020,31.0,65.6,33.4,1,29.228571428571428,10.1,23.6,24.0,22.0,15.0,4.0,-6.0,-8.0,-6.0,-8.0,-1.0,-1.0,-1.0,0.0
379,33,West,7,2020,168.29999999999998,56.5,32.8,1,28.44761904761905,10.495238095238095,22.5,21.0,20.0,15.0,4.0,-3.0,3.0,-2.0,4.0,0.0,1.0,0.0,1.0
380,34,West,7,2020,224.7,59.4,32.6,1,27.98095238095238,10.885714285714286,23.2,20.0,19.0,12.0,3.0,-1.0,2.0,-1.0,1.0,-3.0,-3.0,-1.0,-1.0
381,35,West,7,2020,18.2,53.7,32.1,1,28.285714285714285,10.609523809523813,25.4,17.0,16.0,13.0,4.0,-3.0,-2.0,-3.0,-2.0,1.0,4.0,1.0,2.0
382,36,West,7,2020,292.3,47.2,32.2,1,27.97142857142857,10.576190476190476,23.3,14.0,13.0,10.0,3.0,-3.0,0.0,-3.0,0.0,-3.0,-4.0,-1.0,-2.0
383,37,West,7,2020,509.5,72.8,32.0,1,27.44285714285714,9.738095238095235,22.8,12.0,12.0,11.0,3.0,-2.0,1.0,-1.0,2.0,1.0,4.0,0.0,1.0
384,38,West,44,2020,139.3,88.5,32.6,1,27.80952380952381,9.99047619047619,21.9,12.0,11.0,8.0,2.0,0.0,2.0,-1.0,0.0,-3.0,-4.0,-1.0,-1.0
385,39,West,7,2020,467.9,67.6,32.7,1,27.642857142857142,10.523809523809524,22.9,11.0,10.0,9.0,4.0,-1.0,-1.0,-1.0,0.0,1.0,4.0,2.0,3.0
386,40,West,7,2020,180.1,56.5,31.8,1,27.976190476190474,10.0,23.6,9.0,8.0,10.0,3.0,-2.0,-1.0,-2.0,-1.0,1.0,0.0,-1.0,-3.0
387,41,West,7,2020,247.6,87.4,32.0,1,28.08571428571428,11.20952380952381,23.2,10.0,10.0,10.0,3.0,1.0,3.0,2.0,4.0,0.0,-1.0,0.0,1.0
388,42,West,7,2020,33.8,73.5,32.8,1,28.933333333333334,10.742857142857142,23.4,8.0,9.0,8.0,3.0,-2.0,-3.0,-1.0,-3.0,-2.0,-2.0,0.0,0.0
389,43,West,7,2020,128.79999999999998,70.6,33.2,1,28.304761904761904,10.69047619047619,22.9,7.0,7.0,10.0,2.0,-1.0,1.0,-2.0,-1.0,2.0,4.0,-1.0,-1.0
390,44,West,7,2020,162.8,65.9,32.8,1,28.433333333333334,10.29047619047619,23.9,6.0,6.0,6.0,1.0,-1.0,0.0,-1.0,1.0,-4.0,-6.0,-1.0,0.0
391,45,West,5,2020,159.2,69.1,32.6,1,27.813333333333333,9.233333333333333,22.9,0.0,0.0,0.0,0.0,0.0,0.0,0.0,0.0,0.0,0.0,0.0,0.0
